BRAND,Year,Month,whole_sales
TOYOTA,2018,1,25405.0
DAIHATSU,2018,1,18788.0
HONDA,2018,1,13572.0
MITSUBISHI MOTORS,2018,1,13351.0
SUZUKI,2018,1,11511.0
MITSUBISHI FUSO,2018,1,4402.0
HINO,2018,1,2624.0
ISUZU,2018,1,1561.0
WULING,2018,1,927.0
DATSUN,2018,1,1142.0
NISSAN,2018,1,1189.0
MAZDA,2018,1,409.0
UD TRUCKS,2018,1,214.0
CHEVROLET,2018,1,149.0
B M W,2018,1,181.0
HYUNDAI,2018,1,79.0
LEXUS,2018,1,5.0
DFSK,2018,1,54.0
TATA,2018,1,72.0
SCANIA,2018,1,115.0
MINI,2018,1,18.0
VOLKSWAGEN,2018,1,22.0
FAW,2018,1,23.0
RENAULT (PC),2018,1,21.0
PEUGEOT,2018,1,1.0
MAN TRUCK,2018,1,15.0
AUDI,2018,1,5.0
PROTON,2018,1,
HYUNDAI KOMERSIAL,2018,1,
INFINITI,2018,1,
TOYOTA,2018,2,27665.0
DAIHATSU,2018,2,15660.0
HONDA,2018,2,11894.0
MITSUBISHI MOTORS,2018,2,14003.0
SUZUKI,2018,2,11115.0
MITSUBISHI FUSO,2018,2,4408.0
HINO,2018,2,2732.0
ISUZU,2018,2,1796.0
WULING,2018,2,1009.0
DATSUN,2018,2,1125.0
NISSAN,2018,2,1155.0
MAZDA,2018,2,393.0
UD TRUCKS,2018,2,290.0
CHEVROLET,2018,2,180.0
B M W,2018,2,170.0
HYUNDAI,2018,2,109.0
LEXUS,2018,2,227.0
DFSK,2018,2,34.0
TATA,2018,2,101.0
SCANIA,2018,2,83.0
MINI,2018,2,35.0
VOLKSWAGEN,2018,2,25.0
FAW,2018,2,34.0
RENAULT (PC),2018,2,11.0
PEUGEOT,2018,2,10.0
MAN TRUCK,2018,2,10.0
AUDI,2018,2,
PROTON,2018,2,
HYUNDAI KOMERSIAL,2018,2,
INFINITI,2018,2,
TOYOTA,2018,3,31424.0
DAIHATSU,2018,3,17159.0
HONDA,2018,3,10792.0
MITSUBISHI MOTORS,2018,3,13977.0
SUZUKI,2018,3,9729.0
MITSUBISHI FUSO,2018,3,5175.0
HINO,2018,3,3215.0
ISUZU,2018,3,2038.0
WULING,2018,3,1560.0
DATSUN,2018,3,3106.0
NISSAN,2018,3,1516.0
MAZDA,2018,3,456.0
UD TRUCKS,2018,3,275.0
CHEVROLET,2018,3,321.0
B M W,2018,3,215.0
HYUNDAI,2018,3,106.0
LEXUS,2018,3,205.0
DFSK,2018,3,137.0
TATA,2018,3,127.0
SCANIA,2018,3,68.0
MINI,2018,3,28.0
VOLKSWAGEN,2018,3,96.0
FAW,2018,3,21.0
RENAULT (PC),2018,3,26.0
PEUGEOT,2018,3,8.0
MAN TRUCK,2018,3,7.0
AUDI,2018,3,7.0
PROTON,2018,3,6.0
HYUNDAI KOMERSIAL,2018,3,
INFINITI,2018,3,
TOYOTA,2018,4,29360.0
DAIHATSU,2018,4,18869.0
HONDA,2018,4,17016.0
MITSUBISHI MOTORS,2018,4,12568.0
SUZUKI,2018,4,8505.0
MITSUBISHI FUSO,2018,4,5295.0
HINO,2018,4,3237.0
ISUZU,2018,4,2576.0
WULING,2018,4,1720.0
DATSUN,2018,4,726.0
NISSAN,2018,4,496.0
MAZDA,2018,4,536.0
UD TRUCKS,2018,4,300.0
CHEVROLET,2018,4,225.0
B M W,2018,4,265.0
HYUNDAI,2018,4,122.0
LEXUS,2018,4,136.0
DFSK,2018,4,30.0
TATA,2018,4,48.0
SCANIA,2018,4,53.0
MINI,2018,4,40.0
VOLKSWAGEN,2018,4,32.0
FAW,2018,4,37.0
RENAULT (PC),2018,4,157.0
PEUGEOT,2018,4,15.0
MAN TRUCK,2018,4,10.0
AUDI,2018,4,3.0
PROTON,2018,4,1.0
HYUNDAI KOMERSIAL,2018,4,
INFINITI,2018,4,
TOYOTA,2018,5,28950.0
DAIHATSU,2018,5,17733.0
HONDA,2018,5,14324.0
MITSUBISHI MOTORS,2018,5,12849.0
SUZUKI,2018,5,12555.0
MITSUBISHI FUSO,2018,5,4118.0
HINO,2018,5,3036.0
ISUZU,2018,5,1960.0
WULING,2018,5,1765.0
DATSUN,2018,5,710.0
NISSAN,2018,5,246.0
MAZDA,2018,5,780.0
UD TRUCKS,2018,5,301.0
CHEVROLET,2018,5,245.0
B M W,2018,5,315.0
HYUNDAI,2018,5,131.0
LEXUS,2018,5,63.0
DFSK,2018,5,30.0
TATA,2018,5,107.0
SCANIA,2018,5,108.0
MINI,2018,5,45.0
VOLKSWAGEN,2018,5,69.0
FAW,2018,5,26.0
RENAULT (PC),2018,5,35.0
PEUGEOT,2018,5,14.0
MAN TRUCK,2018,5,5.0
AUDI,2018,5,9.0
PROTON,2018,5,1.0
HYUNDAI KOMERSIAL,2018,5,
INFINITI,2018,5,
TOYOTA,2018,6,18642.0
DAIHATSU,2018,6,6720.0
HONDA,2018,6,9096.0
MITSUBISHI MOTORS,2018,6,6761.0
SUZUKI,2018,6,7515.0
MITSUBISHI FUSO,2018,6,3215.0
HINO,2018,6,2051.0
ISUZU,2018,6,1363.0
WULING,2018,6,1139.0
DATSUN,2018,6,812.0
NISSAN,2018,6,211.0
MAZDA,2018,6,198.0
UD TRUCKS,2018,6,222.0
CHEVROLET,2018,6,107.0
B M W,2018,6,200.0
HYUNDAI,2018,6,70.0
LEXUS,2018,6,125.0
DFSK,2018,6,109.0
TATA,2018,6,83.0
SCANIA,2018,6,108.0
MINI,2018,6,20.0
VOLKSWAGEN,2018,6,26.0
FAW,2018,6,20.0
RENAULT (PC),2018,6,15.0
PEUGEOT,2018,6,5.0
MAN TRUCK,2018,6,2.0
AUDI,2018,6,2.0
PROTON,2018,6,5.0
HYUNDAI KOMERSIAL,2018,6,
INFINITI,2018,6,
TOYOTA,2018,7,34984.0
DAIHATSU,2018,7,17964.0
HONDA,2018,7,15226.0
MITSUBISHI MOTORS,2018,7,13948.0
SUZUKI,2018,7,10503.0
MITSUBISHI FUSO,2018,7,5393.0
HINO,2018,7,3527.0
ISUZU,2018,7,1818.0
WULING,2018,7,1128.0
DATSUN,2018,7,868.0
NISSAN,2018,7,336.0
MAZDA,2018,7,564.0
UD TRUCKS,2018,7,277.0
CHEVROLET,2018,7,248.0
B M W,2018,7,105.0
HYUNDAI,2018,7,114.0
LEXUS,2018,7,81.0
DFSK,2018,7,71.0
TATA,2018,7,103.0
SCANIA,2018,7,56.0
MINI,2018,7,39.0
VOLKSWAGEN,2018,7,41.0
FAW,2018,7,35.0
RENAULT (PC),2018,7,12.0
PEUGEOT,2018,7,20.0
MAN TRUCK,2018,7,7.0
AUDI,2018,7,6.0
PROTON,2018,7,
HYUNDAI KOMERSIAL,2018,7,
INFINITI,2018,7,
TOYOTA,2018,8,31149.0
DAIHATSU,2018,8,17510.0
HONDA,2018,8,14862.0
MITSUBISHI MOTORS,2018,8,13284.0
SUZUKI,2018,8,10764.0
MITSUBISHI FUSO,2018,8,3855.0
HINO,2018,8,3609.0
ISUZU,2018,8,2606.0
WULING,2018,8,1908.0
DATSUN,2018,8,396.0
NISSAN,2018,8,85.0
MAZDA,2018,8,577.0
UD TRUCKS,2018,8,280.0
CHEVROLET,2018,8,229.0
B M W,2018,8,190.0
HYUNDAI,2018,8,205.0
LEXUS,2018,8,119.0
DFSK,2018,8,201.0
TATA,2018,8,104.0
SCANIA,2018,8,27.0
MINI,2018,8,95.0
VOLKSWAGEN,2018,8,69.0
FAW,2018,8,37.0
RENAULT (PC),2018,8,9.0
PEUGEOT,2018,8,10.0
MAN TRUCK,2018,8,6.0
AUDI,2018,8,5.0
PROTON,2018,8,
HYUNDAI KOMERSIAL,2018,8,
INFINITI,2018,8,
TOYOTA,2018,9,29821.0
DAIHATSU,2018,9,17110.0
HONDA,2018,9,10960.0
MITSUBISHI MOTORS,2018,9,11938.0
SUZUKI,2018,9,8880.0
MITSUBISHI FUSO,2018,9,4218.0
HINO,2018,9,3888.0
ISUZU,2018,9,2762.0
WULING,2018,9,1161.0
DATSUN,2018,9,439.0
NISSAN,2018,9,158.0
MAZDA,2018,9,477.0
UD TRUCKS,2018,9,300.0
CHEVROLET,2018,9,183.0
B M W,2018,9,210.0
HYUNDAI,2018,9,118.0
LEXUS,2018,9,162.0
DFSK,2018,9,208.0
TATA,2018,9,110.0
SCANIA,2018,9,67.0
MINI,2018,9,55.0
VOLKSWAGEN,2018,9,45.0
FAW,2018,9,20.0
RENAULT (PC),2018,9,8.0
PEUGEOT,2018,9,5.0
MAN TRUCK,2018,9,4.0
AUDI,2018,9,2.0
PROTON,2018,9,
HYUNDAI KOMERSIAL,2018,9,2.0
INFINITI,2018,9,
TOYOTA,2018,10,36119.0
DAIHATSU,2018,10,21026.0
HONDA,2018,10,15489.0
MITSUBISHI MOTORS,2018,10,11147.0
SUZUKI,2018,10,8514.0
MITSUBISHI FUSO,2018,10,4076.0
HINO,2018,10,3865.0
ISUZU,2018,10,2619.0
WULING,2018,10,1083.0
DATSUN,2018,10,377.0
NISSAN,2018,10,167.0
MAZDA,2018,10,397.0
UD TRUCKS,2018,10,310.0
CHEVROLET,2018,10,161.0
B M W,2018,10,171.0
HYUNDAI,2018,10,127.0
LEXUS,2018,10,90.0
DFSK,2018,10,109.0
TATA,2018,10,29.0
SCANIA,2018,10,53.0
MINI,2018,10,60.0
VOLKSWAGEN,2018,10,35.0
FAW,2018,10,32.0
RENAULT (PC),2018,10,2.0
PEUGEOT,2018,10,12.0
MAN TRUCK,2018,10,4.0
AUDI,2018,10,6.0
PROTON,2018,10,
HYUNDAI KOMERSIAL,2018,10,
INFINITI,2018,10,
TOYOTA,2018,11,31981.0
DAIHATSU,2018,11,17910.0
HONDA,2018,11,15845.0
MITSUBISHI MOTORS,2018,11,10140.0
SUZUKI,2018,11,10107.0
MITSUBISHI FUSO,2018,11,3743.0
HINO,2018,11,4072.0
ISUZU,2018,11,2508.0
WULING,2018,11,1277.0
DATSUN,2018,11,501.0
NISSAN,2018,11,819.0
MAZDA,2018,11,457.0
UD TRUCKS,2018,11,280.0
CHEVROLET,2018,11,162.0
B M W,2018,11,220.0
HYUNDAI,2018,11,128.0
LEXUS,2018,11,86.0
DFSK,2018,11,137.0
TATA,2018,11,155.0
SCANIA,2018,11,33.0
MINI,2018,11,50.0
VOLKSWAGEN,2018,11,40.0
FAW,2018,11,31.0
RENAULT (PC),2018,11,1.0
PEUGEOT,2018,11,34.0
MAN TRUCK,2018,11,3.0
AUDI,2018,11,4.0
PROTON,2018,11,3.0
HYUNDAI KOMERSIAL,2018,11,
INFINITI,2018,11,
TOYOTA,2018,12,26661.0
DAIHATSU,2018,12,16289.0
HONDA,2018,12,13087.0
MITSUBISHI MOTORS,2018,12,8895.0
SUZUKI,2018,12,8316.0
MITSUBISHI FUSO,2018,12,3572.0
HINO,2018,12,3881.0
ISUZU,2018,12,2491.0
WULING,2018,12,2325.0
DATSUN,2018,12,231.0
NISSAN,2018,12,507.0
MAZDA,2018,12,413.0
UD TRUCKS,2018,12,321.0
CHEVROLET,2018,12,299.0
B M W,2018,12,118.0
HYUNDAI,2018,12,106.0
LEXUS,2018,12,11.0
DFSK,2018,12,102.0
TATA,2018,12,72.0
SCANIA,2018,12,23.0
MINI,2018,12,35.0
VOLKSWAGEN,2018,12,11.0
FAW,2018,12,35.0
RENAULT (PC),2018,12,
PEUGEOT,2018,12,5.0
MAN TRUCK,2018,12,6.0
AUDI,2018,12,1.0
PROTON,2018,12,33.0
HYUNDAI KOMERSIAL,2018,12,
INFINITI,2018,12,
TOYOTA,2019,1,25081.0
DAIHATSU,2019,1,14769.0
HONDA,2019,1,10064.0
MITSUBISHI MOTORS,2019,1,11712.0
SUZUKI,2019,1,8271.0
MITSUBISHI FUSO,2019,1,4671.0
HINO,2019,1,2756.0
ISUZU,2019,1,2343.0
WULING,2019,1,360.0
NISSAN,2019,1,387.0
DATSUN,2019,1,258.0
MAZDA,2019,1,428.0
DFSK,2019,1,103.0
MERCEDES BENZ CV,2019,1,167.0
B M W,2019,1,175.0
UD TRUCKS,2019,1,180.0
CHEVROLET,2019,1,113.0
LEXUS,2019,1,9.0
HYUNDAI,2019,1,88.0
TATA,2019,1,99.0
MINI,2019,1,35.0
MERCEDES BENZ PC,2019,1,
SCANIA,2019,1,41.0
VOLKSWAGEN,2019,1,15.0
FAW,2019,1,16.0
RENAULT MAXINDO,2019,1,
PEUGEOT,2019,1,
AUDI,2019,1,3.0
MAN TRUCK,2019,1,8.0
RENAULT AUTO EURO,2019,1,3.0
PROTON,2019,1,
INFINITI,2019,1,
HYUNDAI KOMERSIAL,2019,1,
TOYOTA,2019,2,23443.0
DAIHATSU,2019,2,16305.0
HONDA,2019,2,10637.0
MITSUBISHI MOTORS,2019,2,10704.0
SUZUKI,2019,2,8307.0
MITSUBISHI FUSO,2019,2,3916.0
HINO,2019,2,2723.0
ISUZU,2019,2,1805.0
WULING,2019,2,1199.0
NISSAN,2019,2,343.0
DATSUN,2019,2,632.0
MAZDA,2019,2,429.0
DFSK,2019,2,156.0
MERCEDES BENZ CV,2019,2,166.0
B M W,2019,2,175.0
UD TRUCKS,2019,2,250.0
CHEVROLET,2019,2,179.0
LEXUS,2019,2,112.0
HYUNDAI,2019,2,104.0
TATA,2019,2,74.0
MINI,2019,2,40.0
MERCEDES BENZ PC,2019,2,
SCANIA,2019,2,55.0
VOLKSWAGEN,2019,2,31.0
FAW,2019,2,10.0
RENAULT MAXINDO,2019,2,
PEUGEOT,2019,2,9.0
AUDI,2019,2,1.0
MAN TRUCK,2019,2,3.0
RENAULT AUTO EURO,2019,2,1.0
PROTON,2019,2,
INFINITI,2019,2,
HYUNDAI KOMERSIAL,2019,2,
TOYOTA,2019,3,28732.0
DAIHATSU,2019,3,19625.0
HONDA,2019,3,8144.0
MITSUBISHI MOTORS,2019,3,13164.0
SUZUKI,2019,3,6291.0
MITSUBISHI FUSO,2019,3,2957.0
HINO,2019,3,2670.0
ISUZU,2019,3,1812.0
WULING,2019,3,1194.0
NISSAN,2019,3,3172.0
DATSUN,2019,3,674.0
MAZDA,2019,3,434.0
DFSK,2019,3,161.0
MERCEDES BENZ CV,2019,3,205.0
B M W,2019,3,200.0
UD TRUCKS,2019,3,231.0
CHEVROLET,2019,3,217.0
LEXUS,2019,3,170.0
HYUNDAI,2019,3,81.0
TATA,2019,3,66.0
MINI,2019,3,50.0
MERCEDES BENZ PC,2019,3,
SCANIA,2019,3,52.0
VOLKSWAGEN,2019,3,27.0
FAW,2019,3,16.0
RENAULT MAXINDO,2019,3,
PEUGEOT,2019,3,14.0
AUDI,2019,3,4.0
MAN TRUCK,2019,3,3.0
RENAULT AUTO EURO,2019,3,2.0
PROTON,2019,3,
INFINITI,2019,3,
HYUNDAI KOMERSIAL,2019,3,
TOYOTA,2019,4,29408.0
DAIHATSU,2019,4,16126.0
HONDA,2019,4,11631.0
MITSUBISHI MOTORS,2019,4,7832.0
SUZUKI,2019,4,7677.0
MITSUBISHI FUSO,2019,4,2244.0
HINO,2019,4,2198.0
ISUZU,2019,4,1817.0
WULING,2019,4,1533.0
NISSAN,2019,4,902.0
DATSUN,2019,4,885.0
MAZDA,2019,4,434.0
DFSK,2019,4,152.0
MERCEDES BENZ CV,2019,4,207.0
B M W,2019,4,148.0
UD TRUCKS,2019,4,228.0
CHEVROLET,2019,4,153.0
LEXUS,2019,4,131.0
HYUNDAI,2019,4,157.0
TATA,2019,4,42.0
MINI,2019,4,50.0
MERCEDES BENZ PC,2019,4,
SCANIA,2019,4,43.0
VOLKSWAGEN,2019,4,4.0
FAW,2019,4,30.0
RENAULT MAXINDO,2019,4,
PEUGEOT,2019,4,9.0
AUDI,2019,4,4.0
MAN TRUCK,2019,4,3.0
RENAULT AUTO EURO,2019,4,8.0
PROTON,2019,4,
INFINITI,2019,4,
HYUNDAI KOMERSIAL,2019,4,
TOYOTA,2019,5,29103.0
DAIHATSU,2019,5,14178.0
HONDA,2019,5,11048.0
MITSUBISHI MOTORS,2019,5,9228.0
SUZUKI,2019,5,8775.0
MITSUBISHI FUSO,2019,5,2533.0
HINO,2019,5,1673.0
ISUZU,2019,5,1682.0
WULING,2019,5,2055.0
NISSAN,2019,5,1204.0
DATSUN,2019,5,598.0
MAZDA,2019,5,470.0
DFSK,2019,5,338.0
MERCEDES BENZ CV,2019,5,182.0
B M W,2019,5,210.0
UD TRUCKS,2019,5,199.0
CHEVROLET,2019,5,140.0
LEXUS,2019,5,114.0
HYUNDAI,2019,5,140.0
TATA,2019,5,37.0
MINI,2019,5,50.0
MERCEDES BENZ PC,2019,5,
SCANIA,2019,5,49.0
VOLKSWAGEN,2019,5,17.0
FAW,2019,5,35.0
RENAULT MAXINDO,2019,5,34.0
PEUGEOT,2019,5,7.0
AUDI,2019,5,2.0
MAN TRUCK,2019,5,
RENAULT AUTO EURO,2019,5,8.0
PROTON,2019,5,
INFINITI,2019,5,
HYUNDAI KOMERSIAL,2019,5,
TOYOTA,2019,6,18541.0
DAIHATSU,2019,6,6020.0
HONDA,2019,6,7563.0
MITSUBISHI MOTORS,2019,6,9176.0
SUZUKI,2019,6,7236.0
MITSUBISHI FUSO,2019,6,2792.0
HINO,2019,6,1656.0
ISUZU,2019,6,1823.0
WULING,2019,6,1426.0
NISSAN,2019,6,1168.0
DATSUN,2019,6,797.0
MAZDA,2019,6,182.0
DFSK,2019,6,401.0
MERCEDES BENZ CV,2019,6,105.0
B M W,2019,6,131.0
UD TRUCKS,2019,6,151.0
CHEVROLET,2019,6,68.0
LEXUS,2019,6,84.0
HYUNDAI,2019,6,67.0
TATA,2019,6,48.0
MINI,2019,6,50.0
MERCEDES BENZ PC,2019,6,
SCANIA,2019,6,44.0
VOLKSWAGEN,2019,6,23.0
FAW,2019,6,11.0
RENAULT MAXINDO,2019,6,28.0
PEUGEOT,2019,6,6.0
AUDI,2019,6,2.0
MAN TRUCK,2019,6,1.0
RENAULT AUTO EURO,2019,6,
PROTON,2019,6,
INFINITI,2019,6,
HYUNDAI KOMERSIAL,2019,6,
TOYOTA,2019,7,29362.0
DAIHATSU,2019,7,13013.0
HONDA,2019,7,13894.0
MITSUBISHI MOTORS,2019,7,10916.0
SUZUKI,2019,7,8172.0
MITSUBISHI FUSO,2019,7,3684.0
HINO,2019,7,2458.0
ISUZU,2019,7,1838.0
WULING,2019,7,2191.0
NISSAN,2019,7,1171.0
DATSUN,2019,7,442.0
MAZDA,2019,7,514.0
DFSK,2019,7,469.0
MERCEDES BENZ CV,2019,7,115.0
B M W,2019,7,271.0
UD TRUCKS,2019,7,190.0
CHEVROLET,2019,7,26.0
LEXUS,2019,7,139.0
HYUNDAI,2019,7,142.0
TATA,2019,7,30.0
MINI,2019,7,70.0
MERCEDES BENZ PC,2019,7,
SCANIA,2019,7,46.0
VOLKSWAGEN,2019,7,38.0
FAW,2019,7,25.0
RENAULT MAXINDO,2019,7,26.0
PEUGEOT,2019,7,7.0
AUDI,2019,7,1.0
MAN TRUCK,2019,7,2.0
RENAULT AUTO EURO,2019,7,2.0
PROTON,2019,7,
INFINITI,2019,7,
HYUNDAI KOMERSIAL,2019,7,
TOYOTA,2019,8,28929.0
DAIHATSU,2019,8,15415.0
HONDA,2019,8,11909.0
MITSUBISHI MOTORS,2019,8,10477.0
SUZUKI,2019,8,8622.0
MITSUBISHI FUSO,2019,8,3763.0
HINO,2019,8,2971.0
ISUZU,2019,8,2360.0
WULING,2019,8,1849.0
NISSAN,2019,8,1228.0
DATSUN,2019,8,645.0
MAZDA,2019,8,463.0
DFSK,2019,8,408.0
MERCEDES BENZ CV,2019,8,129.0
B M W,2019,8,301.0
UD TRUCKS,2019,8,345.0
CHEVROLET,2019,8,24.0
LEXUS,2019,8,230.0
HYUNDAI,2019,8,159.0
TATA,2019,8,101.0
MINI,2019,8,75.0
MERCEDES BENZ PC,2019,8,
SCANIA,2019,8,28.0
VOLKSWAGEN,2019,8,55.0
FAW,2019,8,26.0
RENAULT MAXINDO,2019,8,37.0
PEUGEOT,2019,8,10.0
AUDI,2019,8,3.0
MAN TRUCK,2019,8,1.0
RENAULT AUTO EURO,2019,8,5.0
PROTON,2019,8,
INFINITI,2019,8,
HYUNDAI KOMERSIAL,2019,8,
TOYOTA,2019,9,31831.0
DAIHATSU,2019,9,17537.0
HONDA,2019,9,12431.0
MITSUBISHI MOTORS,2019,9,8534.0
SUZUKI,2019,9,8118.0
MITSUBISHI FUSO,2019,9,4178.0
HINO,2019,9,3129.0
ISUZU,2019,9,2077.0
WULING,2019,9,2000.0
NISSAN,2019,9,951.0
DATSUN,2019,9,488.0
MAZDA,2019,9,340.0
DFSK,2019,9,451.0
MERCEDES BENZ CV,2019,9,247.0
B M W,2019,9,262.0
UD TRUCKS,2019,9,120.0
CHEVROLET,2019,9,50.0
LEXUS,2019,9,96.0
HYUNDAI,2019,9,104.0
TATA,2019,9,36.0
MINI,2019,9,80.0
MERCEDES BENZ PC,2019,9,
SCANIA,2019,9,19.0
VOLKSWAGEN,2019,9,24.0
FAW,2019,9,26.0
RENAULT MAXINDO,2019,9,19.0
PEUGEOT,2019,9,16.0
AUDI,2019,9,6.0
MAN TRUCK,2019,9,5.0
RENAULT AUTO EURO,2019,9,
PROTON,2019,9,
INFINITI,2019,9,
HYUNDAI KOMERSIAL,2019,9,
TOYOTA,2019,10,30944.0
DAIHATSU,2019,10,17530.0
HONDA,2019,10,14503.0
MITSUBISHI MOTORS,2019,10,8569.0
SUZUKI,2019,10,8721.0
MITSUBISHI FUSO,2019,10,5414.0
HINO,2019,10,2885.0
ISUZU,2019,10,2481.0
WULING,2019,10,1976.0
NISSAN,2019,10,480.0
DATSUN,2019,10,502.0
MAZDA,2019,10,418.0
DFSK,2019,10,443.0
MERCEDES BENZ CV,2019,10,165.0
B M W,2019,10,260.0
UD TRUCKS,2019,10,112.0
CHEVROLET,2019,10,22.0
LEXUS,2019,10,198.0
HYUNDAI,2019,10,135.0
TATA,2019,10,145.0
MINI,2019,10,65.0
MERCEDES BENZ PC,2019,10,
SCANIA,2019,10,26.0
VOLKSWAGEN,2019,10,29.0
FAW,2019,10,46.0
RENAULT MAXINDO,2019,10,37.0
PEUGEOT,2019,10,15.0
AUDI,2019,10,3.0
MAN TRUCK,2019,10,4.0
RENAULT AUTO EURO,2019,10,
PROTON,2019,10,
INFINITI,2019,10,
HYUNDAI KOMERSIAL,2019,10,
TOYOTA,2019,11,28970.0
DAIHATSU,2019,11,15911.0
HONDA,2019,11,13210.0
MITSUBISHI MOTORS,2019,11,8883.0
SUZUKI,2019,11,10077.0
MITSUBISHI FUSO,2019,11,3091.0
HINO,2019,11,2834.0
ISUZU,2019,11,2664.0
WULING,2019,11,1948.0
NISSAN,2019,11,707.0
DATSUN,2019,11,438.0
MAZDA,2019,11,430.0
DFSK,2019,11,286.0
MERCEDES BENZ CV,2019,11,256.0
B M W,2019,11,282.0
UD TRUCKS,2019,11,139.0
CHEVROLET,2019,11,413.0
LEXUS,2019,11,117.0
HYUNDAI,2019,11,105.0
TATA,2019,11,50.0
MINI,2019,11,85.0
MERCEDES BENZ PC,2019,11,186.0
SCANIA,2019,11,11.0
VOLKSWAGEN,2019,11,70.0
FAW,2019,11,14.0
RENAULT MAXINDO,2019,11,40.0
PEUGEOT,2019,11,18.0
AUDI,2019,11,3.0
MAN TRUCK,2019,11,2.0
RENAULT AUTO EURO,2019,11,
PROTON,2019,11,
INFINITI,2019,11,
HYUNDAI KOMERSIAL,2019,11,
TOYOTA,2019,12,27453.0
DAIHATSU,2019,12,10855.0
HONDA,2019,12,12305.0
MITSUBISHI MOTORS,2019,12,9816.0
SUZUKI,2019,12,10116.0
MITSUBISHI FUSO,2019,12,3511.0
HINO,2019,12,3115.0
ISUZU,2019,12,2568.0
WULING,2019,12,4612.0
NISSAN,2019,12,589.0
DATSUN,2019,12,128.0
MAZDA,2019,12,342.0
DFSK,2019,12,489.0
MERCEDES BENZ CV,2019,12,751.0
B M W,2019,12,85.0
UD TRUCKS,2019,12,126.0
CHEVROLET,2019,12,124.0
LEXUS,2019,12,25.0
HYUNDAI,2019,12,83.0
TATA,2019,12,82.0
MINI,2019,12,50.0
MERCEDES BENZ PC,2019,12,331.0
SCANIA,2019,12,4.0
VOLKSWAGEN,2019,12,17.0
FAW,2019,12,36.0
RENAULT MAXINDO,2019,12,29.0
PEUGEOT,2019,12,18.0
AUDI,2019,12,4.0
MAN TRUCK,2019,12,
RENAULT AUTO EURO,2019,12,
PROTON,2019,12,
INFINITI,2019,12,
HYUNDAI KOMERSIAL,2019,12,
TOYOTA,2020,1,24119.0
DAIHATSU,2020,1,14173.0
HONDA,2020,1,12777.0
SUZUKI,2020,1,10512.0
MITSUBISHI MOTORS,2020,1,9179.0
MITSUBISHI FUSO,2020,1,3116.0
ISUZU,2020,1,2331.0
HINO,2020,1,1465.0
NISSAN,2020,1,585.0
WULING,2020,1,489.0
MAZDA,2020,1,297.0
MERCEDES-BENZ PC,2020,1,124.0
B M  W,2020,1,155.0
DFSK,2020,1,243.0
LEXUS,2020,1,32.0
K I A,2020,1,54.0
MERCEDES-BENZ CV,2020,1,95.0
HYUNDAI - HIM,2020,1,130.0
UD TRUCKS,2020,1,47.0
VOLKSWAGEN,2020,1,123.0
MINI,2020,1,32.0
MORRIS GARAGE,2020,1,
RENAULT,2020,1,15.0
DATSUN,2020,1,226.0
TATA,2020,1,55.0
FAW,2020,1,18.0
SCANIA,2020,1,11.0
HYUNDAI - HMID,2020,1,
PEUGEOT,2020,1,17.0
CHEVROLET,2020,1,11.0
AUDI,2020,1,3.0
MAN TRUCK,2020,1,1.0
INFINITI,2020,1,
RENAULT AUTO EURO,2020,1,
PROTON,2020,1,
BYD,2020,1,
HONGYAN,2020,1,
TOYOTA,2020,2,25053.0
DAIHATSU,2020,2,15778.0
HONDA,2020,2,11373.0
SUZUKI,2020,2,8613.0
MITSUBISHI MOTORS,2020,2,7811.0
MITSUBISHI FUSO,2020,2,3092.0
ISUZU,2020,2,2044.0
HINO,2020,2,2004.0
NISSAN,2020,2,845.0
WULING,2020,2,875.0
MAZDA,2020,2,437.0
MERCEDES-BENZ PC,2020,2,221.0
B M  W,2020,2,215.0
DFSK,2020,2,304.0
LEXUS,2020,2,127.0
K I A,2020,2,128.0
MERCEDES-BENZ CV,2020,2,139.0
HYUNDAI - HIM,2020,2,70.0
UD TRUCKS,2020,2,60.0
VOLKSWAGEN,2020,2,114.0
MINI,2020,2,50.0
MORRIS GARAGE,2020,2,
RENAULT,2020,2,14.0
DATSUN,2020,2,47.0
TATA,2020,2,100.0
FAW,2020,2,48.0
SCANIA,2020,2,44.0
HYUNDAI - HMID,2020,2,
PEUGEOT,2020,2,31.0
CHEVROLET,2020,2,5.0
AUDI,2020,2,1.0
MAN TRUCK,2020,2,1.0
INFINITI,2020,2,
RENAULT AUTO EURO,2020,2,
PROTON,2020,2,
BYD,2020,2,
HONGYAN,2020,2,
TOYOTA,2020,3,26191.0
DAIHATSU,2020,3,18162.0
HONDA,2020,3,12068.0
SUZUKI,2020,3,5085.0
MITSUBISHI MOTORS,2020,3,7582.0
MITSUBISHI FUSO,2020,3,2777.0
ISUZU,2020,3,1325.0
HINO,2020,3,1168.0
NISSAN,2020,3,600.0
WULING,2020,3,384.0
MAZDA,2020,3,208.0
MERCEDES-BENZ PC,2020,3,221.0
B M  W,2020,3,253.0
DFSK,2020,3,101.0
LEXUS,2020,3,155.0
K I A,2020,3,73.0
MERCEDES-BENZ CV,2020,3,103.0
HYUNDAI - HIM,2020,3,33.0
UD TRUCKS,2020,3,63.0
VOLKSWAGEN,2020,3,48.0
MINI,2020,3,35.0
MORRIS GARAGE,2020,3,
RENAULT,2020,3,17.0
DATSUN,2020,3,27.0
TATA,2020,3,7.0
FAW,2020,3,44.0
SCANIA,2020,3,9.0
HYUNDAI - HMID,2020,3,
PEUGEOT,2020,3,35.0
CHEVROLET,2020,3,34.0
AUDI,2020,3,1.0
MAN TRUCK,2020,3,2.0
INFINITI,2020,3,
RENAULT AUTO EURO,2020,3,
PROTON,2020,3,
BYD,2020,3,
HONGYAN,2020,3,
TOYOTA,2020,4,2053.0
DAIHATSU,2020,4,1330.0
HONDA,2020,4,1183.0
SUZUKI,2020,4,1042.0
MITSUBISHI MOTORS,2020,4,808.0
MITSUBISHI FUSO,2020,4,305.0
ISUZU,2020,4,335.0
HINO,2020,4,339.0
NISSAN,2020,4,58.0
WULING,2020,4,29.0
MAZDA,2020,4,43.0
MERCEDES-BENZ PC,2020,4,57.0
B M  W,2020,4,78.0
DFSK,2020,4,25.0
LEXUS,2020,4,37.0
K I A,2020,4,19.0
MERCEDES-BENZ CV,2020,4,
HYUNDAI - HIM,2020,4,21.0
UD TRUCKS,2020,4,27.0
VOLKSWAGEN,2020,4,9.0
MINI,2020,4,8.0
MORRIS GARAGE,2020,4,
RENAULT,2020,4,2.0
DATSUN,2020,4,
TATA,2020,4,1.0
FAW,2020,4,17.0
SCANIA,2020,4,12.0
HYUNDAI - HMID,2020,4,
PEUGEOT,2020,4,22.0
CHEVROLET,2020,4,4.0
AUDI,2020,4,4.0
MAN TRUCK,2020,4,
INFINITI,2020,4,
RENAULT AUTO EURO,2020,4,
PROTON,2020,4,
BYD,2020,4,
HONGYAN,2020,4,
TOYOTA,2020,5,695.0
DAIHATSU,2020,5,
HONDA,2020,5,101.0
SUZUKI,2020,5,779.0
MITSUBISHI MOTORS,2020,5,785.0
MITSUBISHI FUSO,2020,5,134.0
ISUZU,2020,5,379.0
HINO,2020,5,251.0
NISSAN,2020,5,57.0
WULING,2020,5,37.0
MAZDA,2020,5,35.0
MERCEDES-BENZ PC,2020,5,67.0
B M  W,2020,5,57.0
DFSK,2020,5,33.0
LEXUS,2020,5,21.0
K I A,2020,5,32.0
MERCEDES-BENZ CV,2020,5,5.0
HYUNDAI - HIM,2020,5,15.0
UD TRUCKS,2020,5,
VOLKSWAGEN,2020,5,3.0
MINI,2020,5,11.0
MORRIS GARAGE,2020,5,
RENAULT,2020,5,24.0
DATSUN,2020,5,
TATA,2020,5,2.0
FAW,2020,5,3.0
SCANIA,2020,5,8.0
HYUNDAI - HMID,2020,5,
PEUGEOT,2020,5,7.0
CHEVROLET,2020,5,
AUDI,2020,5,5.0
MAN TRUCK,2020,5,5.0
INFINITI,2020,5,
RENAULT AUTO EURO,2020,5,
PROTON,2020,5,
BYD,2020,5,
HONGYAN,2020,5,
TOYOTA,2020,6,3705.0
DAIHATSU,2020,6,331.0
HONDA,2020,6,1267.0
SUZUKI,2020,6,2755.0
MITSUBISHI MOTORS,2020,6,1767.0
MITSUBISHI FUSO,2020,6,637.0
ISUZU,2020,6,693.0
HINO,2020,6,634.0
NISSAN,2020,6,156.0
WULING,2020,6,34.0
MAZDA,2020,6,116.0
MERCEDES-BENZ PC,2020,6,93.0
B M  W,2020,6,89.0
DFSK,2020,6,54.0
LEXUS,2020,6,70.0
K I A,2020,6,32.0
MERCEDES-BENZ CV,2020,6,12.0
HYUNDAI - HIM,2020,6,30.0
UD TRUCKS,2020,6,40.0
VOLKSWAGEN,2020,6,16.0
MINI,2020,6,23.0
MORRIS GARAGE,2020,6,
RENAULT,2020,6,15.0
DATSUN,2020,6,
TATA,2020,6,8.0
FAW,2020,6,5.0
SCANIA,2020,6,16.0
HYUNDAI - HMID,2020,6,
PEUGEOT,2020,6,17.0
CHEVROLET,2020,6,
AUDI,2020,6,7.0
MAN TRUCK,2020,6,1.0
INFINITI,2020,6,
RENAULT AUTO EURO,2020,6,
PROTON,2020,6,
BYD,2020,6,
HONGYAN,2020,6,
TOYOTA,2020,7,7224.0
DAIHATSU,2020,7,1553.0
HONDA,2020,7,2016.0
SUZUKI,2020,7,6369.0
MITSUBISHI MOTORS,2020,7,3564.0
MITSUBISHI FUSO,2020,7,1126.0
ISUZU,2020,7,1166.0
HINO,2020,7,731.0
NISSAN,2020,7,188.0
WULING,2020,7,260.0
MAZDA,2020,7,245.0
MERCEDES-BENZ PC,2020,7,126.0
B M  W,2020,7,168.0
DFSK,2020,7,58.0
LEXUS,2020,7,108.0
K I A,2020,7,65.0
MERCEDES-BENZ CV,2020,7,34.0
HYUNDAI - HIM,2020,7,36.0
UD TRUCKS,2020,7,71.0
VOLKSWAGEN,2020,7,59.0
MINI,2020,7,43.0
MORRIS GARAGE,2020,7,
RENAULT,2020,7,24.0
DATSUN,2020,7,
TATA,2020,7,6.0
FAW,2020,7,12.0
SCANIA,2020,7,13.0
HYUNDAI - HMID,2020,7,
PEUGEOT,2020,7,18.0
CHEVROLET,2020,7,
AUDI,2020,7,2.0
MAN TRUCK,2020,7,
INFINITI,2020,7,
RENAULT AUTO EURO,2020,7,
PROTON,2020,7,
BYD,2020,7,
HONGYAN,2020,7,
TOYOTA,2020,8,8673.0
DAIHATSU,2020,8,6651.0
HONDA,2020,8,3047.0
SUZUKI,2020,8,3501.0
MITSUBISHI MOTORS,2020,8,3208.0
MITSUBISHI FUSO,2020,8,1659.0
ISUZU,2020,8,1312.0
HINO,2020,8,817.0
NISSAN,2020,8,6829.0
WULING,2020,8,365.0
MAZDA,2020,8,240.0
MERCEDES-BENZ PC,2020,8,142.0
B M  W,2020,8,177.0
DFSK,2020,8,198.0
LEXUS,2020,8,67.0
K I A,2020,8,72.0
MERCEDES-BENZ CV,2020,8,70.0
HYUNDAI - HIM,2020,8,35.0
UD TRUCKS,2020,8,54.0
VOLKSWAGEN,2020,8,18.0
MINI,2020,8,45.0
MORRIS GARAGE,2020,8,
RENAULT,2020,8,39.0
DATSUN,2020,8,
TATA,2020,8,11.0
FAW,2020,8,13.0
SCANIA,2020,8,14.0
HYUNDAI - HMID,2020,8,
PEUGEOT,2020,8,16.0
CHEVROLET,2020,8,
AUDI,2020,8,4.0
MAN TRUCK,2020,8,
INFINITI,2020,8,
RENAULT AUTO EURO,2020,8,
PROTON,2020,8,
BYD,2020,8,
HONGYAN,2020,8,
TOYOTA,2020,9,13150.0
DAIHATSU,2020,9,11204.0
HONDA,2020,9,5856.0
SUZUKI,2020,9,6246.0
MITSUBISHI MOTORS,2020,9,4230.0
MITSUBISHI FUSO,2020,9,2400.0
ISUZU,2020,9,1314.0
HINO,2020,9,1030.0
NISSAN,2020,9,1421.0
WULING,2020,9,511.0
MAZDA,2020,9,198.0
MERCEDES-BENZ PC,2020,9,212.0
B M  W,2020,9,196.0
DFSK,2020,9,200.0
LEXUS,2020,9,84.0
K I A,2020,9,59.0
MERCEDES-BENZ CV,2020,9,19.0
HYUNDAI - HIM,2020,9,37.0
UD TRUCKS,2020,9,38.0
VOLKSWAGEN,2020,9,13.0
MINI,2020,9,49.0
MORRIS GARAGE,2020,9,
RENAULT,2020,9,20.0
DATSUN,2020,9,
TATA,2020,9,15.0
FAW,2020,9,9.0
SCANIA,2020,9,2.0
HYUNDAI - HMID,2020,9,27.0
PEUGEOT,2020,9,9.0
CHEVROLET,2020,9,
AUDI,2020,9,5.0
MAN TRUCK,2020,9,
INFINITI,2020,9,
RENAULT AUTO EURO,2020,9,
PROTON,2020,9,
BYD,2020,9,
HONGYAN,2020,9,
TOYOTA,2020,10,16345.0
DAIHATSU,2020,10,8289.0
HONDA,2020,10,7732.0
SUZUKI,2020,10,5143.0
MITSUBISHI MOTORS,2020,10,5315.0
MITSUBISHI FUSO,2020,10,1803.0
ISUZU,2020,10,1634.0
HINO,2020,10,894.0
NISSAN,2020,10,37.0
WULING,2020,10,637.0
MAZDA,2020,10,114.0
MERCEDES-BENZ PC,2020,10,117.0
B M  W,2020,10,171.0
DFSK,2020,10,233.0
LEXUS,2020,10,74.0
K I A,2020,10,62.0
MERCEDES-BENZ CV,2020,10,16.0
HYUNDAI - HIM,2020,10,24.0
UD TRUCKS,2020,10,59.0
VOLKSWAGEN,2020,10,18.0
MINI,2020,10,41.0
MORRIS GARAGE,2020,10,
RENAULT,2020,10,102.0
DATSUN,2020,10,
TATA,2020,10,10.0
FAW,2020,10,18.0
SCANIA,2020,10,38.0
HYUNDAI - HMID,2020,10,80.0
PEUGEOT,2020,10,9.0
CHEVROLET,2020,10,
AUDI,2020,10,3.0
MAN TRUCK,2020,10,
INFINITI,2020,10,
RENAULT AUTO EURO,2020,10,
PROTON,2020,10,
BYD,2020,10,
HONGYAN,2020,10,
TOYOTA,2020,11,15361.0
DAIHATSU,2020,11,6772.0
HONDA,2020,11,8448.0
SUZUKI,2020,11,8217.0
MITSUBISHI MOTORS,2020,11,6693.0
MITSUBISHI FUSO,2020,11,2050.0
ISUZU,2020,11,2103.0
HINO,2020,11,1596.0
NISSAN,2020,11,43.0
WULING,2020,11,825.0
MAZDA,2020,11,404.0
MERCEDES-BENZ PC,2020,11,306.0
B M  W,2020,11,218.0
DFSK,2020,11,195.0
LEXUS,2020,11,118.0
K I A,2020,11,101.0
MERCEDES-BENZ CV,2020,11,62.0
HYUNDAI - HIM,2020,11,43.0
UD TRUCKS,2020,11,56.0
VOLKSWAGEN,2020,11,25.0
MINI,2020,11,32.0
MORRIS GARAGE,2020,11,
RENAULT,2020,11,32.0
DATSUN,2020,11,
TATA,2020,11,12.0
FAW,2020,11,17.0
SCANIA,2020,11,32.0
HYUNDAI - HMID,2020,11,54.0
PEUGEOT,2020,11,15.0
CHEVROLET,2020,11,
AUDI,2020,11,4.0
MAN TRUCK,2020,11,
INFINITI,2020,11,
RENAULT AUTO EURO,2020,11,
PROTON,2020,11,
BYD,2020,11,
HONGYAN,2020,11,
TOYOTA,2020,12,18687.0
DAIHATSU,2020,12,6481.0
HONDA,2020,12,7447.0
SUZUKI,2020,12,7868.0
MITSUBISHI MOTORS,2020,12,6964.0
MITSUBISHI FUSO,2020,12,2260.0
ISUZU,2020,12,1786.0
HINO,2020,12,1692.0
NISSAN,2020,12,30.0
WULING,2020,12,2135.0
MAZDA,2020,12,323.0
MERCEDES-BENZ PC,2020,12,378.0
B M  W,2020,12,206.0
DFSK,2020,12,303.0
LEXUS,2020,12,54.0
K I A,2020,12,110.0
MERCEDES-BENZ CV,2020,12,118.0
HYUNDAI - HIM,2020,12,51.0
UD TRUCKS,2020,12,
VOLKSWAGEN,2020,12,29.0
MINI,2020,12,42.0
MORRIS GARAGE,2020,12,377.0
RENAULT,2020,12,46.0
DATSUN,2020,12,
TATA,2020,12,8.0
FAW,2020,12,16.0
SCANIA,2020,12,18.0
HYUNDAI - HMID,2020,12,54.0
PEUGEOT,2020,12,16.0
CHEVROLET,2020,12,
AUDI,2020,12,8.0
MAN TRUCK,2020,12,
INFINITI,2020,12,
RENAULT AUTO EURO,2020,12,
PROTON,2020,12,
BYD,2020,12,
HONGYAN,2020,12,
TOYOTA,2021,1,16033.0
DAIHATSU,2021,1,8993.0
MITSUBISHI MOTORS,2021,1,6765.0
SUZUKI,2021,1,6400.0
HONDA,2021,1,7231.0
MITSUBISHI FUSO,2021,1,2343.0
ISUZU,2021,1,1756.0
WULING,2021,1,808.0
HINO,2021,1,1235.0
MAZDA,2021,1,266.0
DFSK,2021,1,194.0
NISSAN,2021,1,100.0
HYUNDAI - HMID,2021,1,103.0
K I A,2021,1,22.0
B M W,2021,1,181.0
MERCEDES-BENZ PC,2021,1,195.0
MERCEDES-BENZ CV,2021,1,14.0
MORRIS GARAGE,2021,1,46.0
LEXUS,2021,1,14.0
UD TRUCKS,2021,1,
MINI,2021,1,46.0
VOLKSWAGEN,2021,1,36.0
PEUGEOT,2021,1,34.0
FAW,2021,1,14.0
TATA,2021,1,11.0
HYUNDAI - HIM,2021,1,22.0
RENAULT,2021,1,46.0
AUDI,2021,1,1.0
DATSUN,2021,1,
SCANIA,2021,1,
CHEVROLET,2021,1,
INFINITI,2021,1,
HONGYAN,2021,1,
MAN TRUCK,2021,1,
TOYOTA,2021,2,15144.0
DAIHATSU,2021,2,9412.0
MITSUBISHI MOTORS,2021,2,4887.0
SUZUKI,2021,2,4600.0
HONDA,2021,2,6812.0
MITSUBISHI FUSO,2021,2,2680.0
ISUZU,2021,2,1833.0
WULING,2021,2,534.0
HINO,2021,2,1443.0
MAZDA,2021,2,293.0
DFSK,2021,2,292.0
NISSAN,2021,2,20.0
HYUNDAI - HMID,2021,2,150.0
K I A,2021,2,368.0
B M W,2021,2,211.0
MERCEDES-BENZ PC,2021,2,185.0
MERCEDES-BENZ CV,2021,2,62.0
MORRIS GARAGE,2021,2,36.0
LEXUS,2021,2,94.0
UD TRUCKS,2021,2,
MINI,2021,2,50.0
VOLKSWAGEN,2021,2,28.0
PEUGEOT,2021,2,19.0
FAW,2021,2,12.0
TATA,2021,2,10.0
HYUNDAI - HIM,2021,2,24.0
RENAULT,2021,2,
AUDI,2021,2,3.0
DATSUN,2021,2,
SCANIA,2021,2,
CHEVROLET,2021,2,
INFINITI,2021,2,
HONGYAN,2021,2,
MAN TRUCK,2021,2,
TOYOTA,2021,3,26258.0
DAIHATSU,2021,3,16770.0
MITSUBISHI MOTORS,2021,3,10102.0
SUZUKI,2021,3,8669.0
HONDA,2021,3,11350.0
MITSUBISHI FUSO,2021,3,2986.0
ISUZU,2021,3,2359.0
WULING,2021,3,2338.0
HINO,2021,3,1713.0
MAZDA,2021,3,439.0
DFSK,2021,3,221.0
NISSAN,2021,3,85.0
HYUNDAI - HMID,2021,3,222.0
K I A,2021,3,410.0
B M W,2021,3,218.0
MERCEDES-BENZ PC,2021,3,214.0
MERCEDES-BENZ CV,2021,3,143.0
MORRIS GARAGE,2021,3,100.0
LEXUS,2021,3,100.0
UD TRUCKS,2021,3,20.0
MINI,2021,3,51.0
VOLKSWAGEN,2021,3,58.0
PEUGEOT,2021,3,14.0
FAW,2021,3,11.0
TATA,2021,3,34.0
HYUNDAI - HIM,2021,3,29.0
RENAULT,2021,3,
AUDI,2021,3,1.0
DATSUN,2021,3,
SCANIA,2021,3,
CHEVROLET,2021,3,
INFINITI,2021,3,
HONGYAN,2021,3,
MAN TRUCK,2021,3,
TOYOTA,2021,4,23301.0
DAIHATSU,2021,4,15861.0
MITSUBISHI MOTORS,2021,4,10953.0
SUZUKI,2021,4,8100.0
HONDA,2021,4,8474.0
MITSUBISHI FUSO,2021,4,2867.0
ISUZU,2021,4,2357.0
WULING,2021,4,2511.0
HINO,2021,4,1764.0
MAZDA,2021,4,558.0
DFSK,2021,4,365.0
NISSAN,2021,4,70.0
HYUNDAI - HMID,2021,4,293.0
K I A,2021,4,415.0
B M W,2021,4,238.0
MERCEDES-BENZ PC,2021,4,230.0
MERCEDES-BENZ CV,2021,4,38.0
MORRIS GARAGE,2021,4,213.0
LEXUS,2021,4,106.0
UD TRUCKS,2021,4,40.0
MINI,2021,4,68.0
VOLKSWAGEN,2021,4,44.0
PEUGEOT,2021,4,11.0
FAW,2021,4,3.0
TATA,2021,4,11.0
HYUNDAI - HIM,2021,4,13.0
RENAULT,2021,4,
AUDI,2021,4,4.0
DATSUN,2021,4,
SCANIA,2021,4,
CHEVROLET,2021,4,
INFINITI,2021,4,
HONGYAN,2021,4,
MAN TRUCK,2021,4,
TOYOTA,2021,5,18167.0
DAIHATSU,2021,5,8310.0
MITSUBISHI MOTORS,2021,5,8437.0
SUZUKI,2021,5,5341.0
HONDA,2021,5,5832.0
MITSUBISHI FUSO,2021,5,1723.0
ISUZU,2021,5,1752.0
WULING,2021,5,2515.0
HINO,2021,5,970.0
MAZDA,2021,5,153.0
DFSK,2021,5,218.0
NISSAN,2021,5,113.0
HYUNDAI - HMID,2021,5,171.0
K I A,2021,5,301.0
B M W,2021,5,218.0
MERCEDES-BENZ PC,2021,5,206.0
MERCEDES-BENZ CV,2021,5,26.0
MORRIS GARAGE,2021,5,87.0
LEXUS,2021,5,86.0
UD TRUCKS,2021,5,33.0
MINI,2021,5,64.0
VOLKSWAGEN,2021,5,16.0
PEUGEOT,2021,5,25.0
FAW,2021,5,15.0
TATA,2021,5,13.0
HYUNDAI - HIM,2021,5,17.0
RENAULT,2021,5,
AUDI,2021,5,3.0
DATSUN,2021,5,
SCANIA,2021,5,
CHEVROLET,2021,5,
INFINITI,2021,5,
HONGYAN,2021,5,
MAN TRUCK,2021,5,
TOYOTA,2021,6,23271.0
DAIHATSU,2021,6,15481.0
MITSUBISHI MOTORS,2021,6,6793.0
SUZUKI,2021,6,8965.0
HONDA,2021,6,8782.0
MITSUBISHI FUSO,2021,6,1484.0
ISUZU,2021,6,2017.0
WULING,2021,6,2267.0
HINO,2021,6,1520.0
MAZDA,2021,6,230.0
DFSK,2021,6,216.0
NISSAN,2021,6,318.0
HYUNDAI - HMID,2021,6,274.0
K I A,2021,6,261.0
B M W,2021,6,175.0
MERCEDES-BENZ PC,2021,6,177.0
MERCEDES-BENZ CV,2021,6,113.0
MORRIS GARAGE,2021,6,108.0
LEXUS,2021,6,116.0
UD TRUCKS,2021,6,14.0
MINI,2021,6,58.0
VOLKSWAGEN,2021,6,34.0
PEUGEOT,2021,6,11.0
FAW,2021,6,15.0
TATA,2021,6,1.0
HYUNDAI - HIM,2021,6,17.0
RENAULT,2021,6,
AUDI,2021,6,2.0
DATSUN,2021,6,
SCANIA,2021,6,
CHEVROLET,2021,6,
INFINITI,2021,6,
HONGYAN,2021,6,
MAN TRUCK,2021,6,
TOYOTA,2021,7,21763.0
DAIHATSU,2021,7,9284.0
MITSUBISHI MOTORS,2021,7,10927.0
SUZUKI,2021,7,6274.0
HONDA,2021,7,9030.0
MITSUBISHI FUSO,2021,7,2526.0
ISUZU,2021,7,1826.0
WULING,2021,7,2037.0
HINO,2021,7,1327.0
MAZDA,2021,7,82.0
DFSK,2021,7,213.0
NISSAN,2021,7,305.0
HYUNDAI - HMID,2021,7,233.0
K I A,2021,7,222.0
B M W,2021,7,111.0
MERCEDES-BENZ PC,2021,7,98.0
MERCEDES-BENZ CV,2021,7,129.0
MORRIS GARAGE,2021,7,47.0
LEXUS,2021,7,63.0
UD TRUCKS,2021,7,28.0
MINI,2021,7,25.0
VOLKSWAGEN,2021,7,15.0
PEUGEOT,2021,7,4.0
FAW,2021,7,44.0
TATA,2021,7,7.0
HYUNDAI - HIM,2021,7,14.0
RENAULT,2021,7,
AUDI,2021,7,5.0
DATSUN,2021,7,
SCANIA,2021,7,
CHEVROLET,2021,7,
INFINITI,2021,7,
HONGYAN,2021,7,
MAN TRUCK,2021,7,
TOYOTA,2021,8,29898.0
DAIHATSU,2021,8,14408.0
MITSUBISHI MOTORS,2021,8,10434.0
SUZUKI,2021,8,10021.0
HONDA,2021,8,7337.0
MITSUBISHI FUSO,2021,8,3286.0
ISUZU,2021,8,2285.0
WULING,2021,8,1530.0
HINO,2021,8,1885.0
MAZDA,2021,8,413.0
DFSK,2021,8,203.0
NISSAN,2021,8,375.0
HYUNDAI - HMID,2021,8,223.0
K I A,2021,8,201.0
B M W,2021,8,202.0
MERCEDES-BENZ PC,2021,8,157.0
MERCEDES-BENZ CV,2021,8,173.0
MORRIS GARAGE,2021,8,31.0
LEXUS,2021,8,80.0
UD TRUCKS,2021,8,54.0
MINI,2021,8,67.0
VOLKSWAGEN,2021,8,13.0
PEUGEOT,2021,8,4.0
FAW,2021,8,6.0
TATA,2021,8,20.0
HYUNDAI - HIM,2021,8,8.0
RENAULT,2021,8,
AUDI,2021,8,5.0
DATSUN,2021,8,
SCANIA,2021,8,
CHEVROLET,2021,8,
INFINITI,2021,8,
HONGYAN,2021,8,
MAN TRUCK,2021,8,
TOYOTA,2021,9,34046.0
DAIHATSU,2021,9,17529.0
MITSUBISHI MOTORS,2021,9,8233.0
SUZUKI,2021,9,7515.0
HONDA,2021,9,3453.0
MITSUBISHI FUSO,2021,9,3967.0
ISUZU,2021,9,2648.0
WULING,2021,9,2300.0
HINO,2021,9,1785.0
MAZDA,2021,9,351.0
DFSK,2021,9,223.0
NISSAN,2021,9,518.0
HYUNDAI - HMID,2021,9,350.0
K I A,2021,9,251.0
B M W,2021,9,200.0
MERCEDES-BENZ PC,2021,9,176.0
MERCEDES-BENZ CV,2021,9,175.0
MORRIS GARAGE,2021,9,138.0
LEXUS,2021,9,76.0
UD TRUCKS,2021,9,17.0
MINI,2021,9,71.0
VOLKSWAGEN,2021,9,22.0
PEUGEOT,2021,9,12.0
FAW,2021,9,10.0
TATA,2021,9,37.0
HYUNDAI - HIM,2021,9,6.0
RENAULT,2021,9,
AUDI,2021,9,4.0
DATSUN,2021,9,
SCANIA,2021,9,
CHEVROLET,2021,9,
INFINITI,2021,9,
HONGYAN,2021,9,
MAN TRUCK,2021,9,
TOYOTA,2021,10,21730.0
DAIHATSU,2021,10,17020.0
MITSUBISHI MOTORS,2021,10,9196.0
SUZUKI,2021,10,7624.0
HONDA,2021,10,5861.0
MITSUBISHI FUSO,2021,10,3913.0
ISUZU,2021,10,2779.0
WULING,2021,10,2745.0
HINO,2021,10,1881.0
MAZDA,2021,10,207.0
DFSK,2021,10,308.0
NISSAN,2021,10,606.0
HYUNDAI - HMID,2021,10,342.0
K I A,2021,10,239.0
B M W,2021,10,250.0
MERCEDES-BENZ PC,2021,10,210.0
MERCEDES-BENZ CV,2021,10,198.0
MORRIS GARAGE,2021,10,117.0
LEXUS,2021,10,67.0
UD TRUCKS,2021,10,95.0
MINI,2021,10,63.0
VOLKSWAGEN,2021,10,28.0
PEUGEOT,2021,10,38.0
FAW,2021,10,16.0
TATA,2021,10,14.0
HYUNDAI - HIM,2021,10,7.0
RENAULT,2021,10,
AUDI,2021,10,1.0
DATSUN,2021,10,
SCANIA,2021,10,
CHEVROLET,2021,10,
INFINITI,2021,10,
HONGYAN,2021,10,
MAN TRUCK,2021,10,
TOYOTA,2021,11,33450.0
DAIHATSU,2021,11,16045.0
MITSUBISHI MOTORS,2021,11,6620.0
SUZUKI,2021,11,8512.0
HONDA,2021,11,7201.0
MITSUBISHI FUSO,2021,11,4790.0
ISUZU,2021,11,2415.0
WULING,2021,11,3003.0
HINO,2021,11,2618.0
MAZDA,2021,11,215.0
DFSK,2021,11,372.0
NISSAN,2021,11,376.0
HYUNDAI - HMID,2021,11,383.0
K I A,2021,11,174.0
B M W,2021,11,182.0
MERCEDES-BENZ PC,2021,11,248.0
MERCEDES-BENZ CV,2021,11,282.0
MORRIS GARAGE,2021,11,88.0
LEXUS,2021,11,105.0
UD TRUCKS,2021,11,160.0
MINI,2021,11,73.0
VOLKSWAGEN,2021,11,52.0
PEUGEOT,2021,11,54.0
FAW,2021,11,4.0
TATA,2021,11,10.0
HYUNDAI - HIM,2021,11,1.0
RENAULT,2021,11,
AUDI,2021,11,4.0
DATSUN,2021,11,
SCANIA,2021,11,
CHEVROLET,2021,11,
INFINITI,2021,11,
HONGYAN,2021,11,
MAN TRUCK,2021,11,
TOYOTA,2021,12,32707.0
DAIHATSU,2021,12,15795.0
MITSUBISHI MOTORS,2021,12,14258.0
SUZUKI,2021,12,9772.0
HONDA,2021,12,9759.0
MITSUBISHI FUSO,2021,12,3953.0
ISUZU,2021,12,2609.0
WULING,2021,12,2976.0
HINO,2021,12,2542.0
MAZDA,2021,12,185.0
DFSK,2021,12,417.0
NISSAN,2021,12,291.0
HYUNDAI - HMID,2021,12,261.0
K I A,2021,12,31.0
B M W,2021,12,203.0
MERCEDES-BENZ PC,2021,12,
MERCEDES-BENZ CV,2021,12,457.0
MORRIS GARAGE,2021,12,64.0
LEXUS,2021,12,65.0
UD TRUCKS,2021,12,199.0
MINI,2021,12,21.0
VOLKSWAGEN,2021,12,34.0
PEUGEOT,2021,12,39.0
FAW,2021,12,24.0
TATA,2021,12,5.0
HYUNDAI - HIM,2021,12,1.0
RENAULT,2021,12,
AUDI,2021,12,5.0
DATSUN,2021,12,
SCANIA,2021,12,
CHEVROLET,2021,12,
INFINITI,2021,12,
HONGYAN,2021,12,
MAN TRUCK,2021,12,
TOYOTA,2022,1,22886.0
DAIHATSU,2022,1,18319.0
HONDA,2022,1,10883.0
MITSUBISHI MOTORS,2022,1,12135.0
SUZUKI,2022,1,7017.0
MITSUBISHI FUSO,2022,1,2432.0
ISUZU,2022,1,2828.0
HYUNDAI - HMID,2022,1,1220.0
HINO,2022,1,2022.0
WULING,2022,1,2501.0
MAZDA,2022,1,208.0
MERCEDES-BENZ PC,2022,1,141.0
MERCEDES-BENZ CV,2022,1,133.0
B M W,2022,1,178.0
NISSAN,2022,1,313.0
DFSK,2022,1,202.0
K I A,2022,1,113.0
UD TRUCKS,2022,1,225.0
LEXUS,2022,1,
MORRIS GARAGE,2022,1,212.0
MINI,2022,1,46.0
PEUGEOT,2022,1,50.0
VOLKSWAGEN,2022,1,35.0
SUBARU,2022,1,
TATA,2022,1,25.0
FAW,2022,1,24.0
AUDI,2022,1,1.0
HYUNDAI - HIM,2022,1,
DATSUN,2022,1,
SCANIA,2022,1,
INFINITI,2022,1,
CHERY,2022,1,
HONGYAN,2022,1,
RENAULT,2022,1,
TOYOTA,2022,2,24865.0
DAIHATSU,2022,2,15036.0
HONDA,2022,2,11407.0
MITSUBISHI MOTORS,2022,2,10018.0
SUZUKI,2022,2,6750.0
MITSUBISHI FUSO,2022,2,2290.0
ISUZU,2022,2,2800.0
HYUNDAI - HMID,2022,2,2400.0
HINO,2022,2,1764.0
WULING,2022,2,2008.0
MAZDA,2022,2,58.0
MERCEDES-BENZ PC,2022,2,123.0
MERCEDES-BENZ CV,2022,2,242.0
B M W,2022,2,178.0
NISSAN,2022,2,340.0
DFSK,2022,2,101.0
K I A,2022,2,67.0
UD TRUCKS,2022,2,219.0
LEXUS,2022,2,71.0
MORRIS GARAGE,2022,2,108.0
MINI,2022,2,51.0
PEUGEOT,2022,2,32.0
VOLKSWAGEN,2022,2,21.0
SUBARU,2022,2,
TATA,2022,2,5.0
FAW,2022,2,40.0
AUDI,2022,2,
HYUNDAI - HIM,2022,2,1.0
DATSUN,2022,2,
SCANIA,2022,2,
INFINITI,2022,2,
CHERY,2022,2,
HONGYAN,2022,2,
RENAULT,2022,2,
TOYOTA,2022,3,33344.0
DAIHATSU,2022,3,17465.0
HONDA,2022,3,12975.0
MITSUBISHI MOTORS,2022,3,11501.0
SUZUKI,2022,3,8604.0
MITSUBISHI FUSO,2022,3,1788.0
ISUZU,2022,3,3420.0
HYUNDAI - HMID,2022,3,2150.0
HINO,2022,3,2336.0
WULING,2022,3,2500.0
MAZDA,2022,3,110.0
MERCEDES-BENZ PC,2022,3,255.0
MERCEDES-BENZ CV,2022,3,389.0
B M W,2022,3,257.0
NISSAN,2022,3,338.0
DFSK,2022,3,286.0
K I A,2022,3,135.0
UD TRUCKS,2022,3,248.0
LEXUS,2022,3,170.0
MORRIS GARAGE,2022,3,2.0
MINI,2022,3,87.0
PEUGEOT,2022,3,65.0
VOLKSWAGEN,2022,3,62.0
SUBARU,2022,3,
TATA,2022,3,28.0
FAW,2022,3,19.0
AUDI,2022,3,1.0
HYUNDAI - HIM,2022,3,
DATSUN,2022,3,
SCANIA,2022,3,
INFINITI,2022,3,
CHERY,2022,3,
HONGYAN,2022,3,
RENAULT,2022,3,
TOYOTA,2022,4,27779.0
DAIHATSU,2022,4,15617.0
HONDA,2022,4,10149.0
MITSUBISHI MOTORS,2022,4,7528.0
SUZUKI,2022,4,5801.0
MITSUBISHI FUSO,2022,4,4799.0
ISUZU,2022,4,2854.0
HYUNDAI - HMID,2022,4,2175.0
HINO,2022,4,1533.0
WULING,2022,4,2201.0
MAZDA,2022,4,627.0
MERCEDES-BENZ PC,2022,4,236.0
MERCEDES-BENZ CV,2022,4,315.0
B M W,2022,4,293.0
NISSAN,2022,4,158.0
DFSK,2022,4,75.0
K I A,2022,4,191.0
UD TRUCKS,2022,4,89.0
LEXUS,2022,4,113.0
MORRIS GARAGE,2022,4,25.0
MINI,2022,4,53.0
PEUGEOT,2022,4,46.0
VOLKSWAGEN,2022,4,20.0
SUBARU,2022,4,
TATA,2022,4,42.0
FAW,2022,4,5.0
AUDI,2022,4,7.0
HYUNDAI - HIM,2022,4,
DATSUN,2022,4,
SCANIA,2022,4,
INFINITI,2022,4,
CHERY,2022,4,
HONGYAN,2022,4,
RENAULT,2022,4,
TOYOTA,2022,5,13297.0
DAIHATSU,2022,5,6981.0
HONDA,2022,5,8114.0
MITSUBISHI MOTORS,2022,5,5414.0
SUZUKI,2022,5,6026.0
MITSUBISHI FUSO,2022,5,1307.0
ISUZU,2022,5,2740.0
HYUNDAI - HMID,2022,5,1532.0
HINO,2022,5,1871.0
WULING,2022,5,815.0
MAZDA,2022,5,245.0
MERCEDES-BENZ PC,2022,5,214.0
MERCEDES-BENZ CV,2022,5,111.0
B M W,2022,5,190.0
NISSAN,2022,5,116.0
DFSK,2022,5,188.0
K I A,2022,5,134.0
UD TRUCKS,2022,5,139.0
LEXUS,2022,5,115.0
MORRIS GARAGE,2022,5,33.0
MINI,2022,5,50.0
PEUGEOT,2022,5,46.0
VOLKSWAGEN,2022,5,23.0
SUBARU,2022,5,
TATA,2022,5,
FAW,2022,5,8.0
AUDI,2022,5,1.0
HYUNDAI - HIM,2022,5,
DATSUN,2022,5,
SCANIA,2022,5,
INFINITI,2022,5,
CHERY,2022,5,
HONGYAN,2022,5,
RENAULT,2022,5,
TOYOTA,2022,6,27290.0
DAIHATSU,2022,6,16925.0
HONDA,2022,6,9057.0
MITSUBISHI MOTORS,2022,6,4700.0
SUZUKI,2022,6,7215.0
MITSUBISHI FUSO,2022,6,3183.0
ISUZU,2022,6,2594.0
HYUNDAI - HMID,2022,6,1805.0
HINO,2022,6,2900.0
WULING,2022,6,1236.0
MAZDA,2022,6,314.0
MERCEDES-BENZ PC,2022,6,227.0
MERCEDES-BENZ CV,2022,6,276.0
B M W,2022,6,288.0
NISSAN,2022,6,160.0
DFSK,2022,6,292.0
K I A,2022,6,91.0
UD TRUCKS,2022,6,69.0
LEXUS,2022,6,84.0
MORRIS GARAGE,2022,6,58.0
MINI,2022,6,56.0
PEUGEOT,2022,6,34.0
VOLKSWAGEN,2022,6,29.0
SUBARU,2022,6,
TATA,2022,6,3.0
FAW,2022,6,14.0
AUDI,2022,6,10.0
HYUNDAI - HIM,2022,6,
DATSUN,2022,6,
SCANIA,2022,6,
INFINITI,2022,6,
CHERY,2022,6,
HONGYAN,2022,6,
RENAULT,2022,6,
TOYOTA,2022,7,29326.0
DAIHATSU,2022,7,15935.0
HONDA,2022,7,9599.0
MITSUBISHI MOTORS,2022,7,8023.0
SUZUKI,2022,7,7467.0
MITSUBISHI FUSO,2022,7,3731.0
ISUZU,2022,7,3239.0
HYUNDAI - HMID,2022,7,2262.0
HINO,2022,7,2832.0
WULING,2022,7,1506.0
MAZDA,2022,7,340.0
MERCEDES-BENZ PC,2022,7,368.0
MERCEDES-BENZ CV,2022,7,154.0
B M W,2022,7,310.0
NISSAN,2022,7,148.0
DFSK,2022,7,333.0
K I A,2022,7,196.0
UD TRUCKS,2022,7,36.0
LEXUS,2022,7,104.0
MORRIS GARAGE,2022,7,114.0
MINI,2022,7,52.0
PEUGEOT,2022,7,40.0
VOLKSWAGEN,2022,7,55.0
SUBARU,2022,7,30.0
TATA,2022,7,26.0
FAW,2022,7,13.0
AUDI,2022,7,6.0
HYUNDAI - HIM,2022,7,
DATSUN,2022,7,
SCANIA,2022,7,
INFINITI,2022,7,
CHERY,2022,7,
HONGYAN,2022,7,
RENAULT,2022,7,
TOYOTA,2022,8,30844.0
DAIHATSU,2022,8,15339.0
HONDA,2022,8,11427.0
MITSUBISHI MOTORS,2022,8,9700.0
SUZUKI,2022,8,8064.0
MITSUBISHI FUSO,2022,8,4105.0
ISUZU,2022,8,3463.0
HYUNDAI - HMID,2022,8,5700.0
HINO,2022,8,2961.0
WULING,2022,8,2821.0
MAZDA,2022,8,362.0
MERCEDES-BENZ PC,2022,8,380.0
MERCEDES-BENZ CV,2022,8,150.0
B M W,2022,8,302.0
NISSAN,2022,8,191.0
DFSK,2022,8,273.0
K I A,2022,8,290.0
UD TRUCKS,2022,8,161.0
LEXUS,2022,8,65.0
MORRIS GARAGE,2022,8,107.0
MINI,2022,8,69.0
PEUGEOT,2022,8,35.0
VOLKSWAGEN,2022,8,55.0
SUBARU,2022,8,50.0
TATA,2022,8,24.0
FAW,2022,8,13.0
AUDI,2022,8,5.0
HYUNDAI - HIM,2022,8,
DATSUN,2022,8,
SCANIA,2022,8,
INFINITI,2022,8,
CHERY,2022,8,
HONGYAN,2022,8,
RENAULT,2022,8,
TOYOTA,2022,9,33449.0
DAIHATSU,2022,9,18781.0
HONDA,2022,9,13374.0
MITSUBISHI MOTORS,2022,9,6056.0
SUZUKI,2022,9,7651.0
MITSUBISHI FUSO,2022,9,3401.0
ISUZU,2022,9,3450.0
HYUNDAI - HMID,2022,9,5126.0
HINO,2022,9,3136.0
WULING,2022,9,3000.0
MAZDA,2022,9,348.0
MERCEDES-BENZ PC,2022,9,338.0
MERCEDES-BENZ CV,2022,9,355.0
B M W,2022,9,273.0
NISSAN,2022,9,137.0
DFSK,2022,9,128.0
K I A,2022,9,324.0
UD TRUCKS,2022,9,221.0
LEXUS,2022,9,81.0
MORRIS GARAGE,2022,9,112.0
MINI,2022,9,79.0
PEUGEOT,2022,9,40.0
VOLKSWAGEN,2022,9,23.0
SUBARU,2022,9,50.0
TATA,2022,9,28.0
FAW,2022,9,19.0
AUDI,2022,9,6.0
HYUNDAI - HIM,2022,9,
DATSUN,2022,9,
SCANIA,2022,9,
INFINITI,2022,9,
CHERY,2022,9,
HONGYAN,2022,9,
RENAULT,2022,9,
TOYOTA,2022,10,33740.0
DAIHATSU,2022,10,17489.0
HONDA,2022,10,9962.0
MITSUBISHI MOTORS,2022,10,6108.0
SUZUKI,2022,10,7663.0
MITSUBISHI FUSO,2022,10,3075.0
ISUZU,2022,10,3262.0
HYUNDAI - HMID,2022,10,3505.0
HINO,2022,10,3031.0
WULING,2022,10,2955.0
MAZDA,2022,10,454.0
MERCEDES-BENZ PC,2022,10,289.0
MERCEDES-BENZ CV,2022,10,257.0
B M W,2022,10,220.0
NISSAN,2022,10,186.0
DFSK,2022,10,101.0
K I A,2022,10,389.0
UD TRUCKS,2022,10,217.0
LEXUS,2022,10,87.0
MORRIS GARAGE,2022,10,22.0
MINI,2022,10,46.0
PEUGEOT,2022,10,31.0
VOLKSWAGEN,2022,10,50.0
SUBARU,2022,10,26.0
TATA,2022,10,11.0
FAW,2022,10,15.0
AUDI,2022,10,3.0
HYUNDAI - HIM,2022,10,
DATSUN,2022,10,
SCANIA,2022,10,
INFINITI,2022,10,
CHERY,2022,10,
HONGYAN,2022,10,
RENAULT,2022,10,
TOYOTA,2022,11,26462.0
DAIHATSU,2022,11,20963.0
HONDA,2022,11,11691.0
MITSUBISHI MOTORS,2022,11,7056.0
SUZUKI,2022,11,8160.0
MITSUBISHI FUSO,2022,11,3638.0
ISUZU,2022,11,3091.0
HYUNDAI - HMID,2022,11,2000.0
HINO,2022,11,3206.0
WULING,2022,11,3094.0
MAZDA,2022,11,404.0
MERCEDES-BENZ PC,2022,11,310.0
MERCEDES-BENZ CV,2022,11,225.0
B M W,2022,11,168.0
NISSAN,2022,11,162.0
DFSK,2022,11,121.0
K I A,2022,11,53.0
UD TRUCKS,2022,11,214.0
LEXUS,2022,11,51.0
MORRIS GARAGE,2022,11,63.0
MINI,2022,11,68.0
PEUGEOT,2022,11,14.0
VOLKSWAGEN,2022,11,10.0
SUBARU,2022,11,27.0
TATA,2022,11,13.0
FAW,2022,11,9.0
AUDI,2022,11,2.0
HYUNDAI - HIM,2022,11,
DATSUN,2022,11,
SCANIA,2022,11,
INFINITI,2022,11,
CHERY,2022,11,
HONGYAN,2022,11,
RENAULT,2022,11,
TOYOTA,2022,12,28128.0
DAIHATSU,2022,12,23815.0
HONDA,2022,12,12642.0
MITSUBISHI MOTORS,2022,12,10812.0
SUZUKI,2022,12,9990.0
MITSUBISHI FUSO,2022,12,3837.0
ISUZU,2022,12,2905.0
HYUNDAI - HMID,2022,12,2090.0
HINO,2022,12,3261.0
WULING,2022,12,5352.0
MAZDA,2022,12,418.0
MERCEDES-BENZ PC,2022,12,354.0
MERCEDES-BENZ CV,2022,12,435.0
B M W,2022,12,235.0
NISSAN,2022,12,164.0
DFSK,2022,12,313.0
K I A,2022,12,103.0
UD TRUCKS,2022,12,155.0
LEXUS,2022,12,92.0
MORRIS GARAGE,2022,12,118.0
MINI,2022,12,43.0
PEUGEOT,2022,12,18.0
VOLKSWAGEN,2022,12,20.0
SUBARU,2022,12,31.0
TATA,2022,12,
FAW,2022,12,12.0
AUDI,2022,12,11.0
HYUNDAI - HIM,2022,12,
DATSUN,2022,12,
SCANIA,2022,12,
INFINITI,2022,12,
CHERY,2022,12,
HONGYAN,2022,12,
RENAULT,2022,12,
TOYOTA,2023,1,28970.0
DAIHATSU,2023,1,18194.0
HONDA,2023,1,15781.0
SUZUKI,2023,1,6584.0
MITSUBISHI MOTORS,2023,1,7949.0
HYUNDAI - HMID,2023,1,4067.0
MITSUBISHI FUSO,2023,1,4265.0
ISUZU,2023,1,3338.0
HINO,2023,1,2438.0
WULING,2023,1,586.0
MAZDA,2023,1,425.0
B M W,2023,1,201.0
CHERY,2023,1,77.0
MERCEDES-BENZ PC,2023,1,295.0
LEXUS,2023,1,26.0
MERCEDES-BENZ CV,2023,1,94.0
UD TRUCKS,2023,1,212.0
NISSAN,2023,1,140.0
K I A,2023,1,18.0
DFSK,2023,1,278.0
MORRIS GARAGE,2023,1,61.0
MINI,2023,1,42.0
SCANIA,2023,1,63.0
FAW,2023,1,3.0
SUBARU,2023,1,33.0
JEEP,2023,1,86.0
VOLKSWAGEN,2023,1,19.0
PEUGEOT,2023,1,15.0
NETA,2023,1,
SERES,2023,1,
AUDI,2023,1,1.0
TATA,2023,1,9.0
CITROEN,2023,1,
HYUNDAI - HIM,2023,1,
DATSUN,2023,1,
TOYOTA,2023,2,27336.0
DAIHATSU,2023,2,16263.0
HONDA,2023,2,14375.0
SUZUKI,2023,2,7422.0
MITSUBISHI MOTORS,2023,2,6929.0
HYUNDAI - HMID,2023,2,3022.0
MITSUBISHI FUSO,2023,2,3261.0
ISUZU,2023,2,2707.0
HINO,2023,2,2200.0
WULING,2023,2,1216.0
MAZDA,2023,2,420.0
B M W,2023,2,248.0
CHERY,2023,2,113.0
MERCEDES-BENZ PC,2023,2,273.0
LEXUS,2023,2,54.0
MERCEDES-BENZ CV,2023,2,239.0
UD TRUCKS,2023,2,184.0
NISSAN,2023,2,169.0
K I A,2023,2,95.0
DFSK,2023,2,103.0
MORRIS GARAGE,2023,2,151.0
MINI,2023,2,28.0
SCANIA,2023,2,79.0
FAW,2023,2,23.0
SUBARU,2023,2,44.0
JEEP,2023,2,26.0
VOLKSWAGEN,2023,2,50.0
PEUGEOT,2023,2,20.0
NETA,2023,2,
SERES,2023,2,
AUDI,2023,2,6.0
TATA,2023,2,3.0
CITROEN,2023,2,
HYUNDAI - HIM,2023,2,
DATSUN,2023,2,
TOYOTA,2023,3,29471.0
DAIHATSU,2023,3,19884.0
HONDA,2023,3,16871.0
SUZUKI,2023,3,8430.0
MITSUBISHI MOTORS,2023,3,7058.0
HYUNDAI - HMID,2023,3,3342.0
MITSUBISHI FUSO,2023,3,4035.0
ISUZU,2023,3,2936.0
HINO,2023,3,3135.0
WULING,2023,3,3000.0
MAZDA,2023,3,468.0
B M W,2023,3,330.0
CHERY,2023,3,256.0
MERCEDES-BENZ PC,2023,3,310.0
LEXUS,2023,3,171.0
MERCEDES-BENZ CV,2023,3,298.0
UD TRUCKS,2023,3,189.0
NISSAN,2023,3,188.0
K I A,2023,3,195.0
DFSK,2023,3,115.0
MORRIS GARAGE,2023,3,122.0
MINI,2023,3,103.0
SCANIA,2023,3,70.0
FAW,2023,3,162.0
SUBARU,2023,3,47.0
JEEP,2023,3,14.0
VOLKSWAGEN,2023,3,34.0
PEUGEOT,2023,3,36.0
NETA,2023,3,
SERES,2023,3,
AUDI,2023,3,1.0
TATA,2023,3,1.0
CITROEN,2023,3,
HYUNDAI - HIM,2023,3,
DATSUN,2023,3,
TOYOTA,2023,4,21518.0
DAIHATSU,2023,4,10778.0
HONDA,2023,4,4955.0
SUZUKI,2023,4,4668.0
MITSUBISHI MOTORS,2023,4,6132.0
HYUNDAI - HMID,2023,4,2241.0
MITSUBISHI FUSO,2023,4,1517.0
ISUZU,2023,4,2026.0
HINO,2023,4,1214.0
WULING,2023,4,1171.0
MAZDA,2023,4,535.0
B M W,2023,4,375.0
CHERY,2023,4,515.0
MERCEDES-BENZ PC,2023,4,228.0
LEXUS,2023,4,300.0
MERCEDES-BENZ CV,2023,4,105.0
UD TRUCKS,2023,4,76.0
NISSAN,2023,4,160.0
K I A,2023,4,113.0
DFSK,2023,4,65.0
MORRIS GARAGE,2023,4,58.0
MINI,2023,4,40.0
SCANIA,2023,4,71.0
FAW,2023,4,18.0
SUBARU,2023,4,36.0
JEEP,2023,4,31.0
VOLKSWAGEN,2023,4,10.0
PEUGEOT,2023,4,19.0
NETA,2023,4,
SERES,2023,4,
AUDI,2023,4,6.0
TATA,2023,4,
CITROEN,2023,4,
HYUNDAI - HIM,2023,4,
DATSUN,2023,4,
TOYOTA,2023,5,28178.0
DAIHATSU,2023,5,16009.0
HONDA,2023,5,11158.0
SUZUKI,2023,5,6377.0
MITSUBISHI MOTORS,2023,5,5719.0
HYUNDAI - HMID,2023,5,3030.0
MITSUBISHI FUSO,2023,5,1918.0
ISUZU,2023,5,2169.0
HINO,2023,5,2554.0
WULING,2023,5,2119.0
MAZDA,2023,5,278.0
B M W,2023,5,415.0
CHERY,2023,5,531.0
MERCEDES-BENZ PC,2023,5,327.0
LEXUS,2023,5,350.0
MERCEDES-BENZ CV,2023,5,52.0
UD TRUCKS,2023,5,146.0
NISSAN,2023,5,152.0
K I A,2023,5,165.0
DFSK,2023,5,129.0
MORRIS GARAGE,2023,5,67.0
MINI,2023,5,90.0
SCANIA,2023,5,85.0
FAW,2023,5,27.0
SUBARU,2023,5,54.0
JEEP,2023,5,45.0
VOLKSWAGEN,2023,5,13.0
PEUGEOT,2023,5,21.0
NETA,2023,5,
SERES,2023,5,
AUDI,2023,5,9.0
TATA,2023,5,2.0
CITROEN,2023,5,
HYUNDAI - HIM,2023,5,
DATSUN,2023,5,
TOYOTA,2023,6,24803.0
DAIHATSU,2023,6,18112.0
HONDA,2023,6,11552.0
SUZUKI,2023,6,7840.0
MITSUBISHI MOTORS,2023,6,5504.0
HYUNDAI - HMID,2023,6,2709.0
MITSUBISHI FUSO,2023,6,2102.0
ISUZU,2023,6,2978.0
HINO,2023,6,2498.0
WULING,2023,6,1650.0
MAZDA,2023,6,550.0
B M W,2023,6,310.0
CHERY,2023,6,502.0
MERCEDES-BENZ PC,2023,6,299.0
LEXUS,2023,6,271.0
MERCEDES-BENZ CV,2023,6,224.0
UD TRUCKS,2023,6,150.0
NISSAN,2023,6,116.0
K I A,2023,6,75.0
DFSK,2023,6,82.0
MORRIS GARAGE,2023,6,54.0
MINI,2023,6,43.0
SCANIA,2023,6,75.0
FAW,2023,6,30.0
SUBARU,2023,6,85.0
JEEP,2023,6,5.0
VOLKSWAGEN,2023,6,18.0
PEUGEOT,2023,6,14.0
NETA,2023,6,
SERES,2023,6,
AUDI,2023,6,5.0
TATA,2023,6,
CITROEN,2023,6,
HYUNDAI - HIM,2023,6,
DATSUN,2023,6,
TOYOTA,2023,7,30029.0
DAIHATSU,2023,7,15821.0
HONDA,2023,7,10626.0
SUZUKI,2023,7,5845.0
MITSUBISHI MOTORS,2023,7,5500.0
HYUNDAI - HMID,2023,7,1654.0
MITSUBISHI FUSO,2023,7,2303.0
ISUZU,2023,7,2486.0
HINO,2023,7,1930.0
WULING,2023,7,1642.0
MAZDA,2023,7,387.0
B M W,2023,7,376.0
CHERY,2023,7,348.0
MERCEDES-BENZ PC,2023,7,317.0
LEXUS,2023,7,119.0
MERCEDES-BENZ CV,2023,7,69.0
UD TRUCKS,2023,7,152.0
NISSAN,2023,7,128.0
K I A,2023,7,175.0
DFSK,2023,7,108.0
MORRIS GARAGE,2023,7,107.0
MINI,2023,7,69.0
SCANIA,2023,7,77.0
FAW,2023,7,30.0
SUBARU,2023,7,91.0
JEEP,2023,7,77.0
VOLKSWAGEN,2023,7,22.0
PEUGEOT,2023,7,11.0
NETA,2023,7,
SERES,2023,7,
AUDI,2023,7,5.0
TATA,2023,7,
CITROEN,2023,7,
HYUNDAI - HIM,2023,7,
DATSUN,2023,7,
TOYOTA,2023,8,30149.0
DAIHATSU,2023,8,17481.0
HONDA,2023,8,11778.0
SUZUKI,2023,8,6872.0
MITSUBISHI MOTORS,2023,8,7100.0
HYUNDAI - HMID,2023,8,3337.0
MITSUBISHI FUSO,2023,8,2727.0
ISUZU,2023,8,2800.0
HINO,2023,8,2340.0
WULING,2023,8,1095.0
MAZDA,2023,8,667.0
B M W,2023,8,425.0
CHERY,2023,8,443.0
MERCEDES-BENZ PC,2023,8,318.0
LEXUS,2023,8,236.0
MERCEDES-BENZ CV,2023,8,97.0
UD TRUCKS,2023,8,136.0
NISSAN,2023,8,190.0
K I A,2023,8,191.0
DFSK,2023,8,60.0
MORRIS GARAGE,2023,8,160.0
MINI,2023,8,103.0
SCANIA,2023,8,50.0
FAW,2023,8,33.0
SUBARU,2023,8,50.0
JEEP,2023,8,36.0
VOLKSWAGEN,2023,8,27.0
PEUGEOT,2023,8,14.0
NETA,2023,8,
SERES,2023,8,
AUDI,2023,8,9.0
TATA,2023,8,4.0
CITROEN,2023,8,
HYUNDAI - HIM,2023,8,
DATSUN,2023,8,
TOYOTA,2023,9,25928.0
DAIHATSU,2023,9,15009.0
HONDA,2023,9,10911.0
SUZUKI,2023,9,6502.0
MITSUBISHI MOTORS,2023,9,6248.0
HYUNDAI - HMID,2023,9,3103.0
MITSUBISHI FUSO,2023,9,2168.0
ISUZU,2023,9,2690.0
HINO,2023,9,2282.0
WULING,2023,9,2001.0
MAZDA,2023,9,463.0
B M W,2023,9,463.0
CHERY,2023,9,460.0
MERCEDES-BENZ PC,2023,9,227.0
LEXUS,2023,9,236.0
MERCEDES-BENZ CV,2023,9,186.0
UD TRUCKS,2023,9,172.0
NISSAN,2023,9,113.0
K I A,2023,9,122.0
DFSK,2023,9,93.0
MORRIS GARAGE,2023,9,154.0
MINI,2023,9,108.0
SCANIA,2023,9,29.0
FAW,2023,9,178.0
SUBARU,2023,9,22.0
JEEP,2023,9,7.0
VOLKSWAGEN,2023,9,23.0
PEUGEOT,2023,9,16.0
NETA,2023,9,
SERES,2023,9,
AUDI,2023,9,4.0
TATA,2023,9,1.0
CITROEN,2023,9,
HYUNDAI - HIM,2023,9,
DATSUN,2023,9,
TOYOTA,2023,10,27438.0
DAIHATSU,2023,10,14099.0
HONDA,2023,10,11938.0
SUZUKI,2023,10,5990.0
MITSUBISHI MOTORS,2023,10,6016.0
HYUNDAI - HMID,2023,10,3032.0
MITSUBISHI FUSO,2023,10,2157.0
ISUZU,2023,10,2531.0
HINO,2023,10,2450.0
WULING,2023,10,2172.0
MAZDA,2023,10,390.0
B M W,2023,10,465.0
CHERY,2023,10,358.0
MERCEDES-BENZ PC,2023,10,330.0
LEXUS,2023,10,218.0
MERCEDES-BENZ CV,2023,10,91.0
UD TRUCKS,2023,10,158.0
NISSAN,2023,10,94.0
K I A,2023,10,46.0
DFSK,2023,10,88.0
MORRIS GARAGE,2023,10,56.0
MINI,2023,10,91.0
SCANIA,2023,10,28.0
FAW,2023,10,36.0
SUBARU,2023,10,42.0
JEEP,2023,10,
VOLKSWAGEN,2023,10,10.0
PEUGEOT,2023,10,16.0
NETA,2023,10,
SERES,2023,10,
AUDI,2023,10,6.0
TATA,2023,10,4.0
CITROEN,2023,10,
HYUNDAI - HIM,2023,10,
DATSUN,2023,10,
TOYOTA,2023,11,30916.0
DAIHATSU,2023,11,13545.0
HONDA,2023,11,10599.0
SUZUKI,2023,11,7125.0
MITSUBISHI MOTORS,2023,11,6931.0
HYUNDAI - HMID,2023,11,3055.0
MITSUBISHI FUSO,2023,11,2300.0
ISUZU,2023,11,2366.0
HINO,2023,11,2517.0
WULING,2023,11,2670.0
MAZDA,2023,11,273.0
B M W,2023,11,352.0
CHERY,2023,11,208.0
MERCEDES-BENZ PC,2023,11,234.0
LEXUS,2023,11,224.0
MERCEDES-BENZ CV,2023,11,214.0
UD TRUCKS,2023,11,128.0
NISSAN,2023,11,108.0
K I A,2023,11,76.0
DFSK,2023,11,52.0
MORRIS GARAGE,2023,11,99.0
MINI,2023,11,76.0
SCANIA,2023,11,59.0
FAW,2023,11,44.0
SUBARU,2023,11,19.0
JEEP,2023,11,1.0
VOLKSWAGEN,2023,11,11.0
PEUGEOT,2023,11,10.0
NETA,2023,11,100.0
SERES,2023,11,67.0
AUDI,2023,11,5.0
TATA,2023,11,6.0
CITROEN,2023,11,
HYUNDAI - HIM,2023,11,
DATSUN,2023,11,
TOYOTA,2023,12,32041.0
DAIHATSU,2023,12,12805.0
HONDA,2023,12,8423.0
SUZUKI,2023,12,7402.0
MITSUBISHI MOTORS,2023,12,6330.0
HYUNDAI - HMID,2023,12,2908.0
MITSUBISHI FUSO,2023,12,2800.0
ISUZU,2023,12,2400.0
HINO,2023,12,2891.0
WULING,2023,12,4218.0
MAZDA,2023,12,464.0
B M W,2023,12,402.0
CHERY,2023,12,288.0
MERCEDES-BENZ PC,2023,12,270.0
LEXUS,2023,12,310.0
MERCEDES-BENZ CV,2023,12,401.0
UD TRUCKS,2023,12,96.0
NISSAN,2023,12,81.0
K I A,2023,12,107.0
DFSK,2023,12,187.0
MORRIS GARAGE,2023,12,94.0
MINI,2023,12,117.0
SCANIA,2023,12,28.0
FAW,2023,12,33.0
SUBARU,2023,12,38.0
JEEP,2023,12,6.0
VOLKSWAGEN,2023,12,10.0
PEUGEOT,2023,12,7.0
NETA,2023,12,81.0
SERES,2023,12,44.0
AUDI,2023,12,1.0
TATA,2023,12,1.0
CITROEN,2023,12,
HYUNDAI - HIM,2023,12,
DATSUN,2023,12,
TOYOTA,2024,1,20988.0
DAIHATSU,2024,1,14363.0
HONDA,2024,1,8413.0
MITSUBISHI MOTORS,2024,1,6962.0
SUZUKI,2024,1,6138.0
MITSUBISHI FUSO,2024,1,2034.0
ISUZU,2024,1,2350.0
HINO,2024,1,1404.0
HYUNDAI - HMID,2024,1,3003.0
WULING,2024,1,2177.0
BYD,2024,1,
CHERY,2024,1,299.0
B M W,2024,1,223.0
MAZDA,2024,1,223.0
MORRIS GARAGE,2024,1,117.0
LEXUS,2024,1,123.0
MERCEDES-BENZ PC,2024,1,115.0
UD TRUCKS,2024,1,148.0
MERCEDES-BENZ CV,2024,1,51.0
NISSAN,2024,1,76.0
CITROEN,2024,1,30.0
AION,2024,1,
K I A,2024,1,105.0
MINI,2024,1,38.0
FAW,2024,1,28.0
DFSK,2024,1,84.0
FORD,2024,1,101.0
TANK,2024,1,
NETA,2024,1,39.0
SUBARU,2024,1,41.0
SCANIA,2024,1,26.0
BAIC,2024,1,
VOLVO CARS,2024,1,10.0
HAVAL,2024,1,
SERES,2024,1,27.0
VOLKSWAGEN,2024,1,7.0
PEUGEOT,2024,1,12.0
AUDI,2024,1,3.0
TATA,2024,1,
ORA,2024,1,
JEEP,2024,1,
DATSUN,2024,1,
TOYOTA,2024,2,23525.0
DAIHATSU,2024,2,15088.0
HONDA,2024,2,9081.0
MITSUBISHI MOTORS,2024,2,5994.0
SUZUKI,2024,2,4993.0
MITSUBISHI FUSO,2024,2,2250.0
ISUZU,2024,2,2245.0
HINO,2024,2,1483.0
HYUNDAI - HMID,2024,2,2428.0
WULING,2024,2,1200.0
BYD,2024,2,
CHERY,2024,2,431.0
B M W,2024,2,218.0
MAZDA,2024,2,302.0
MORRIS GARAGE,2024,2,228.0
LEXUS,2024,2,207.0
MERCEDES-BENZ PC,2024,2,177.0
UD TRUCKS,2024,2,167.0
MERCEDES-BENZ CV,2024,2,88.0
NISSAN,2024,2,131.0
CITROEN,2024,2,41.0
AION,2024,2,
K I A,2024,2,100.0
MINI,2024,2,75.0
FAW,2024,2,19.0
DFSK,2024,2,128.0
FORD,2024,2,62.0
TANK,2024,2,
NETA,2024,2,20.0
SUBARU,2024,2,31.0
SCANIA,2024,2,19.0
BAIC,2024,2,
VOLVO CARS,2024,2,12.0
HAVAL,2024,2,
SERES,2024,2,3.0
VOLKSWAGEN,2024,2,15.0
PEUGEOT,2024,2,8.0
AUDI,2024,2,3.0
TATA,2024,2,
ORA,2024,2,
JEEP,2024,2,
DATSUN,2024,2,
TOYOTA,2024,3,21072.0
DAIHATSU,2024,3,16552.0
HONDA,2024,3,10572.0
MITSUBISHI MOTORS,2024,3,6153.0
SUZUKI,2024,3,6670.0
MITSUBISHI FUSO,2024,3,2311.0
ISUZU,2024,3,2251.0
HINO,2024,3,1651.0
HYUNDAI - HMID,2024,3,1812.0
WULING,2024,3,2080.0
BYD,2024,3,
CHERY,2024,3,803.0
B M W,2024,3,320.0
MAZDA,2024,3,479.0
MORRIS GARAGE,2024,3,340.0
LEXUS,2024,3,353.0
MERCEDES-BENZ PC,2024,3,270.0
UD TRUCKS,2024,3,147.0
MERCEDES-BENZ CV,2024,3,142.0
NISSAN,2024,3,147.0
CITROEN,2024,3,50.0
AION,2024,3,
K I A,2024,3,178.0
MINI,2024,3,85.0
FAW,2024,3,27.0
DFSK,2024,3,79.0
FORD,2024,3,45.0
TANK,2024,3,
NETA,2024,3,10.0
SUBARU,2024,3,40.0
SCANIA,2024,3,42.0
BAIC,2024,3,
VOLVO CARS,2024,3,12.0
HAVAL,2024,3,
SERES,2024,3,9.0
VOLKSWAGEN,2024,3,12.0
PEUGEOT,2024,3,3.0
AUDI,2024,3,2.0
TATA,2024,3,1.0
ORA,2024,3,
JEEP,2024,3,
DATSUN,2024,3,
TOYOTA,2024,4,15201.0
DAIHATSU,2024,4,9481.0
HONDA,2024,4,4611.0
MITSUBISHI MOTORS,2024,4,4006.0
SUZUKI,2024,4,4986.0
MITSUBISHI FUSO,2024,4,1987.0
ISUZU,2024,4,1849.0
HINO,2024,4,1319.0
HYUNDAI - HMID,2024,4,1485.0
WULING,2024,4,1188.0
BYD,2024,4,
CHERY,2024,4,590.0
B M W,2024,4,223.0
MAZDA,2024,4,391.0
MORRIS GARAGE,2024,4,359.0
LEXUS,2024,4,247.0
MERCEDES-BENZ PC,2024,4,175.0
UD TRUCKS,2024,4,126.0
MERCEDES-BENZ CV,2024,4,25.0
NISSAN,2024,4,82.0
CITROEN,2024,4,15.0
AION,2024,4,
K I A,2024,4,96.0
MINI,2024,4,58.0
FAW,2024,4,23.0
DFSK,2024,4,44.0
FORD,2024,4,52.0
TANK,2024,4,56.0
NETA,2024,4,
SUBARU,2024,4,28.0
SCANIA,2024,4,27.0
BAIC,2024,4,
VOLVO CARS,2024,4,8.0
HAVAL,2024,4,9.0
SERES,2024,4,5.0
VOLKSWAGEN,2024,4,7.0
PEUGEOT,2024,4,4.0
AUDI,2024,4,1.0
TATA,2024,4,
ORA,2024,4,
JEEP,2024,4,
DATSUN,2024,4,
TOYOTA,2024,5,23482.0
DAIHATSU,2024,5,14983.0
HONDA,2024,5,7294.0
MITSUBISHI MOTORS,2024,5,6975.0
SUZUKI,2024,5,5762.0
MITSUBISHI FUSO,2024,5,2411.0
ISUZU,2024,5,2265.0
HINO,2024,5,1848.0
HYUNDAI - HMID,2024,5,1408.0
WULING,2024,5,909.0
BYD,2024,5,
CHERY,2024,5,968.0
B M W,2024,5,400.0
MAZDA,2024,5,381.0
MORRIS GARAGE,2024,5,438.0
LEXUS,2024,5,415.0
MERCEDES-BENZ PC,2024,5,215.0
UD TRUCKS,2024,5,179.0
MERCEDES-BENZ CV,2024,5,116.0
NISSAN,2024,5,62.0
CITROEN,2024,5,197.0
AION,2024,5,
K I A,2024,5,107.0
MINI,2024,5,61.0
FAW,2024,5,175.0
DFSK,2024,5,87.0
FORD,2024,5,64.0
TANK,2024,5,27.0
NETA,2024,5,13.0
SUBARU,2024,5,52.0
SCANIA,2024,5,45.0
BAIC,2024,5,
VOLVO CARS,2024,5,11.0
HAVAL,2024,5,17.0
SERES,2024,5,16.0
VOLKSWAGEN,2024,5,5.0
PEUGEOT,2024,5,
AUDI,2024,5,3.0
TATA,2024,5,
ORA,2024,5,
JEEP,2024,5,
DATSUN,2024,5,
TOYOTA,2024,6,25464.0
DAIHATSU,2024,6,14967.0
HONDA,2024,6,7618.0
MITSUBISHI MOTORS,2024,6,6470.0
SUZUKI,2024,6,4584.0
MITSUBISHI FUSO,2024,6,2230.0
ISUZU,2024,6,3073.0
HINO,2024,6,2030.0
HYUNDAI - HMID,2024,6,1908.0
WULING,2024,6,964.0
BYD,2024,6,1596.0
CHERY,2024,6,848.0
B M W,2024,6,399.0
MAZDA,2024,6,343.0
MORRIS GARAGE,2024,6,468.0
LEXUS,2024,6,188.0
MERCEDES-BENZ PC,2024,6,159.0
UD TRUCKS,2024,6,208.0
MERCEDES-BENZ CV,2024,6,151.0
NISSAN,2024,6,53.0
CITROEN,2024,6,286.0
AION,2024,6,
K I A,2024,6,109.0
MINI,2024,6,95.0
FAW,2024,6,55.0
DFSK,2024,6,51.0
FORD,2024,6,71.0
TANK,2024,6,32.0
NETA,2024,6,93.0
SUBARU,2024,6,41.0
SCANIA,2024,6,23.0
BAIC,2024,6,
VOLVO CARS,2024,6,8.0
HAVAL,2024,6,9.0
SERES,2024,6,14.0
VOLKSWAGEN,2024,6,4.0
PEUGEOT,2024,6,
AUDI,2024,6,3.0
TATA,2024,6,
ORA,2024,6,
JEEP,2024,6,
DATSUN,2024,6,
TOYOTA,2024,7,27126.0
DAIHATSU,2024,7,13910.0
HONDA,2024,7,6249.0
MITSUBISHI MOTORS,2024,7,5569.0
SUZUKI,2024,7,5410.0
MITSUBISHI FUSO,2024,7,2240.0
ISUZU,2024,7,2371.0
HINO,2024,7,2370.0
HYUNDAI - HMID,2024,7,1701.0
WULING,2024,7,1526.0
BYD,2024,7,1925.0
CHERY,2024,7,780.0
B M W,2024,7,432.0
MAZDA,2024,7,403.0
MORRIS GARAGE,2024,7,601.0
LEXUS,2024,7,184.0
MERCEDES-BENZ PC,2024,7,168.0
UD TRUCKS,2024,7,186.0
MERCEDES-BENZ CV,2024,7,79.0
NISSAN,2024,7,35.0
CITROEN,2024,7,111.0
AION,2024,7,
K I A,2024,7,112.0
MINI,2024,7,102.0
FAW,2024,7,181.0
DFSK,2024,7,33.0
FORD,2024,7,70.0
TANK,2024,7,69.0
NETA,2024,7,111.0
SUBARU,2024,7,94.0
SCANIA,2024,7,47.0
BAIC,2024,7,
VOLVO CARS,2024,7,11.0
HAVAL,2024,7,21.0
SERES,2024,7,
VOLKSWAGEN,2024,7,2.0
PEUGEOT,2024,7,
AUDI,2024,7,1.0
TATA,2024,7,
ORA,2024,7,
JEEP,2024,7,
DATSUN,2024,7,
TOYOTA,2024,8,25989.0
DAIHATSU,2024,8,13829.0
HONDA,2024,8,7556.0
MITSUBISHI MOTORS,2024,8,6254.0
SUZUKI,2024,8,5265.0
MITSUBISHI FUSO,2024,8,2276.0
ISUZU,2024,8,2002.0
HINO,2024,8,2318.0
HYUNDAI - HMID,2024,8,1823.0
WULING,2024,8,1866.0
BYD,2024,8,2940.0
CHERY,2024,8,798.0
B M W,2024,8,439.0
MAZDA,2024,8,524.0
MORRIS GARAGE,2024,8,504.0
LEXUS,2024,8,194.0
MERCEDES-BENZ PC,2024,8,301.0
UD TRUCKS,2024,8,181.0
MERCEDES-BENZ CV,2024,8,261.0
NISSAN,2024,8,132.0
CITROEN,2024,8,112.0
AION,2024,8,
K I A,2024,8,60.0
MINI,2024,8,136.0
FAW,2024,8,64.0
DFSK,2024,8,63.0
FORD,2024,8,70.0
TANK,2024,8,51.0
NETA,2024,8,75.0
SUBARU,2024,8,74.0
SCANIA,2024,8,43.0
BAIC,2024,8,68.0
VOLVO CARS,2024,8,14.0
HAVAL,2024,8,7.0
SERES,2024,8,
VOLKSWAGEN,2024,8,9.0
PEUGEOT,2024,8,
AUDI,2024,8,4.0
TATA,2024,8,
ORA,2024,8,
JEEP,2024,8,
DATSUN,2024,8,
TOYOTA,2024,9,25454.0
DAIHATSU,2024,9,12676.0
HONDA,2024,9,7926.0
MITSUBISHI MOTORS,2024,9,5824.0
SUZUKI,2024,9,5183.0
MITSUBISHI FUSO,2024,9,2341.0
ISUZU,2024,9,1670.0
HINO,2024,9,2251.0
HYUNDAI - HMID,2024,9,1596.0
WULING,2024,9,2004.0
BYD,2024,9,2075.0
CHERY,2024,9,673.0
B M W,2024,9,431.0
MAZDA,2024,9,401.0
MORRIS GARAGE,2024,9,388.0
LEXUS,2024,9,137.0
MERCEDES-BENZ PC,2024,9,222.0
UD TRUCKS,2024,9,159.0
MERCEDES-BENZ CV,2024,9,116.0
NISSAN,2024,9,167.0
CITROEN,2024,9,120.0
AION,2024,9,464.0
K I A,2024,9,93.0
MINI,2024,9,80.0
FAW,2024,9,43.0
DFSK,2024,9,110.0
FORD,2024,9,70.0
TANK,2024,9,178.0
NETA,2024,9,102.0
SUBARU,2024,9,40.0
SCANIA,2024,9,26.0
BAIC,2024,9,71.0
VOLVO CARS,2024,9,10.0
HAVAL,2024,9,1.0
SERES,2024,9,
VOLKSWAGEN,2024,9,4.0
PEUGEOT,2024,9,
AUDI,2024,9,2.0
TATA,2024,9,
ORA,2024,9,
JEEP,2024,9,
DATSUN,2024,9,
TOYOTA,2024,10,27030.0
DAIHATSU,2024,10,14096.0
HONDA,2024,10,8633.0
MITSUBISHI MOTORS,2024,10,5486.0
SUZUKI,2024,10,5491.0
MITSUBISHI FUSO,2024,10,2414.0
ISUZU,2024,10,2106.0
HINO,2024,10,2320.0
HYUNDAI - HMID,2024,10,1711.0
WULING,2024,10,2203.0
BYD,2024,10,2488.0
CHERY,2024,10,699.0
B M W,2024,10,506.0
MAZDA,2024,10,300.0
MORRIS GARAGE,2024,10,227.0
LEXUS,2024,10,181.0
MERCEDES-BENZ PC,2024,10,160.0
UD TRUCKS,2024,10,183.0
MERCEDES-BENZ CV,2024,10,132.0
NISSAN,2024,10,125.0
CITROEN,2024,10,116.0
AION,2024,10,178.0
K I A,2024,10,52.0
MINI,2024,10,49.0
FAW,2024,10,61.0
DFSK,2024,10,53.0
FORD,2024,10,72.0
TANK,2024,10,153.0
NETA,2024,10,35.0
SUBARU,2024,10,40.0
SCANIA,2024,10,32.0
BAIC,2024,10,60.0
VOLVO CARS,2024,10,2.0
HAVAL,2024,10,
SERES,2024,10,
VOLKSWAGEN,2024,10,9.0
PEUGEOT,2024,10,
AUDI,2024,10,1.0
TATA,2024,10,
ORA,2024,10,
JEEP,2024,10,
DATSUN,2024,10,
TOYOTA,2024,11,26984.0
DAIHATSU,2024,11,10030.0
HONDA,2024,11,8397.0
MITSUBISHI MOTORS,2024,11,6050.0
SUZUKI,2024,11,5605.0
MITSUBISHI FUSO,2024,11,2294.0
ISUZU,2024,11,2040.0
HINO,2024,11,2530.0
HYUNDAI - HMID,2024,11,1653.0
WULING,2024,11,2550.0
BYD,2024,11,2842.0
CHERY,2024,11,853.0
B M W,2024,11,531.0
MAZDA,2024,11,364.0
MORRIS GARAGE,2024,11,176.0
LEXUS,2024,11,199.0
MERCEDES-BENZ PC,2024,11,88.0
UD TRUCKS,2024,11,155.0
MERCEDES-BENZ CV,2024,11,159.0
NISSAN,2024,11,134.0
CITROEN,2024,11,126.0
AION,2024,11,514.0
K I A,2024,11,20.0
MINI,2024,11,51.0
FAW,2024,11,54.0
DFSK,2024,11,79.0
FORD,2024,11,80.0
TANK,2024,11,37.0
NETA,2024,11,57.0
SUBARU,2024,11,36.0
SCANIA,2024,11,47.0
BAIC,2024,11,67.0
VOLVO CARS,2024,11,12.0
HAVAL,2024,11,33.0
SERES,2024,11,
VOLKSWAGEN,2024,11,5.0
PEUGEOT,2024,11,
AUDI,2024,11,1.0
TATA,2024,11,
ORA,2024,11,
JEEP,2024,11,
DATSUN,2024,11,
TOYOTA,2024,12,26667.0
DAIHATSU,2024,12,13057.0
HONDA,2024,12,8392.0
MITSUBISHI MOTORS,2024,12,6474.0
SUZUKI,2024,12,6722.0
MITSUBISHI FUSO,2024,12,2933.0
ISUZU,2024,12,2157.0
HINO,2024,12,2634.0
HYUNDAI - HMID,2024,12,1833.0
WULING,2024,12,3256.0
BYD,2024,12,1563.0
CHERY,2024,12,1449.0
B M W,2024,12,552.0
MAZDA,2024,12,266.0
MORRIS GARAGE,2024,12,128.0
LEXUS,2024,12,156.0
MERCEDES-BENZ PC,2024,12,155.0
UD TRUCKS,2024,12,121.0
MERCEDES-BENZ CV,2024,12,231.0
NISSAN,2024,12,233.0
CITROEN,2024,12,120.0
AION,2024,12,84.0
K I A,2024,12,18.0
MINI,2024,12,100.0
FAW,2024,12,117.0
DFSK,2024,12,17.0
FORD,2024,12,60.0
TANK,2024,12,89.0
NETA,2024,12,52.0
SUBARU,2024,12,46.0
SCANIA,2024,12,59.0
BAIC,2024,12,30.0
VOLVO CARS,2024,12,6.0
HAVAL,2024,12,7.0
SERES,2024,12,15.0
VOLKSWAGEN,2024,12,6.0
PEUGEOT,2024,12,
AUDI,2024,12,1.0
TATA,2024,12,
ORA,2024,12,
JEEP,2024,12,
DATSUN,2024,12,
TOYOTA,2025,1,22082.0
DAIHATSU,2025,1,9983.0
HONDA,2025,1,7276.0
MITSUBISHI MOTORS,2025,1,5028.0
SUZUKI,2025,1,4982.0
BYD,2025,1,1114.0
ISUZU,2025,1,2206.0
MITSUBISHI FUSO,2025,1,2105.0
HYUNDAI - HMID,2025,1,2308.0
CHERY,2025,1,1102.0
HINO,2025,1,1285.0
WULING,2025,1,1010.0
DENZA,2025,1,25.0
AION,2025,1,83.0
MAZDA,2025,1,180.0
GEELY,2025,1,
UD TRUCKS,2025,1,210.0
LEXUS,2025,1,50.0
MORRIS GARAGE,2025,1,144.0
CITROEN,2025,1,101.0
B M W,2025,1,42.0
NISSAN,2025,1,37.0
MERCEDES-BENZ PC,2025,1,54.0
GWM,2025,1,62.0
MERCEDES-BENZ CV,2025,1,85.0
DFSK,2025,1,17.0
NETA,2025,1,90.0
FAW,2025,1,59.0
FORD,2025,1,52.0
JETOUR,2025,1,
SCANIA,2025,1,61.0
BAIC,2025,1,21.0
MINI,2025,1,14.0
SUBARU,2025,1,16.0
VOLKSWAGEN,2025,1,4.0
JAECOO,2025,1,
XPENG,2025,1,
SERES,2025,1,6.0
K I A,2025,1,32.0
MAXUS,2025,1,23.0
VOLVO CAR,2025,1,6.0
AUDI,2025,1,
POLYTRON,2025,1,
VINFAS,2025,1,
JEEP,2025,1,
PEUGEOT,2025,1,
TATA,2025,1,
TOYOTA,2025,2,24397.0
DAIHATSU,2025,2,11959.0
HONDA,2025,2,8757.0
MITSUBISHI MOTORS,2025,2,6684.0
SUZUKI,2025,2,4750.0
BYD,2025,2,1399.0
ISUZU,2025,2,1903.0
MITSUBISHI FUSO,2025,2,2106.0
HYUNDAI - HMID,2025,2,2226.0
CHERY,2025,2,1468.0
HINO,2025,2,1567.0
WULING,2025,2,1935.0
DENZA,2025,2,912.0
AION,2025,2,159.0
MAZDA,2025,2,206.0
GEELY,2025,2,66.0
UD TRUCKS,2025,2,178.0
LEXUS,2025,2,109.0
MORRIS GARAGE,2025,2,227.0
CITROEN,2025,2,153.0
B M W,2025,2,181.0
NISSAN,2025,2,151.0
MERCEDES-BENZ PC,2025,2,103.0
GWM,2025,2,107.0
MERCEDES-BENZ CV,2025,2,50.0
DFSK,2025,2,79.0
NETA,2025,2,53.0
FAW,2025,2,57.0
FORD,2025,2,50.0
JETOUR,2025,2,82.0
SCANIA,2025,2,57.0
BAIC,2025,2,51.0
MINI,2025,2,95.0
SUBARU,2025,2,17.0
VOLKSWAGEN,2025,2,6.0
JAECOO,2025,2,
XPENG,2025,2,
SERES,2025,2,9.0
K I A,2025,2,15.0
MAXUS,2025,2,8.0
VOLVO CAR,2025,2,10.0
AUDI,2025,2,2.0
POLYTRON,2025,2,
VINFAS,2025,2,
JEEP,2025,2,
PEUGEOT,2025,2,
TATA,2025,2,
TOYOTA,2025,3,22476.0
DAIHATSU,2025,3,13057.0
HONDA,2025,3,6303.0
MITSUBISHI MOTORS,2025,3,5769.0
SUZUKI,2025,3,4442.0
BYD,2025,3,3205.0
ISUZU,2025,3,1802.0
MITSUBISHI FUSO,2025,3,1604.0
HYUNDAI - HMID,2025,3,2424.0
CHERY,2025,3,1829.0
HINO,2025,3,1193.0
WULING,2025,3,1850.0
DENZA,2025,3,1587.0
AION,2025,3,959.0
MAZDA,2025,3,281.0
GEELY,2025,3,176.0
UD TRUCKS,2025,3,218.0
LEXUS,2025,3,182.0
MORRIS GARAGE,2025,3,174.0
CITROEN,2025,3,173.0
B M W,2025,3,166.0
NISSAN,2025,3,84.0
MERCEDES-BENZ PC,2025,3,92.0
GWM,2025,3,164.0
MERCEDES-BENZ CV,2025,3,81.0
DFSK,2025,3,147.0
NETA,2025,3,55.0
FAW,2025,3,59.0
FORD,2025,3,61.0
JETOUR,2025,3,64.0
SCANIA,2025,3,40.0
BAIC,2025,3,58.0
MINI,2025,3,25.0
SUBARU,2025,3,54.0
VOLKSWAGEN,2025,3,19.0
JAECOO,2025,3,
XPENG,2025,3,
SERES,2025,3,8.0
K I A,2025,3,5.0
MAXUS,2025,3,21.0
VOLVO CAR,2025,3,7.0
AUDI,2025,3,2.0
POLYTRON,2025,3,
VINFAS,2025,3,
JEEP,2025,3,
PEUGEOT,2025,3,
TATA,2025,3,
TOYOTA,2025,4,16077.0
DAIHATSU,2025,4,8884.0
HONDA,2025,4,3000.0
MITSUBISHI MOTORS,2025,4,3791.0
SUZUKI,2025,4,4145.0
BYD,2025,4,3496.0
ISUZU,2025,4,1635.0
MITSUBISHI FUSO,2025,4,1404.0
HYUNDAI - HMID,2025,4,1607.0
CHERY,2025,4,1620.0
HINO,2025,4,1085.0
WULING,2025,4,1240.0
DENZA,2025,4,811.0
AION,2025,4,362.0
MAZDA,2025,4,195.0
GEELY,2025,4,424.0
UD TRUCKS,2025,4,189.0
LEXUS,2025,4,191.0
MORRIS GARAGE,2025,4,113.0
CITROEN,2025,4,90.0
B M W,2025,4,77.0
NISSAN,2025,4,158.0
MERCEDES-BENZ PC,2025,4,62.0
GWM,2025,4,35.0
MERCEDES-BENZ CV,2025,4,71.0
DFSK,2025,4,48.0
NETA,2025,4,52.0
FAW,2025,4,60.0
FORD,2025,4,92.0
JETOUR,2025,4,20.0
SCANIA,2025,4,52.0
BAIC,2025,4,41.0
MINI,2025,4,21.0
SUBARU,2025,4,12.0
VOLKSWAGEN,2025,4,5.0
JAECOO,2025,4,
XPENG,2025,4,
SERES,2025,4,15.0
K I A,2025,4,13.0
MAXUS,2025,4,3.0
VOLVO CAR,2025,4,10.0
AUDI,2025,4,2.0
POLYTRON,2025,4,
VINFAS,2025,4,
JEEP,2025,4,
PEUGEOT,2025,4,
TATA,2025,4,
TOYOTA,2025,5,20995.0
DAIHATSU,2025,5,11166.0
HONDA,2025,5,3166.0
MITSUBISHI MOTORS,2025,5,4756.0
SUZUKI,2025,5,3921.0
BYD,2025,5,2799.0
ISUZU,2025,5,1904.0
MITSUBISHI FUSO,2025,5,1967.0
HYUNDAI - HMID,2025,5,1650.0
CHERY,2025,5,1993.0
HINO,2025,5,1537.0
WULING,2025,5,1566.0
DENZA,2025,5,630.0
AION,2025,5,282.0
MAZDA,2025,5,286.0
GEELY,2025,5,377.0
UD TRUCKS,2025,5,169.0
LEXUS,2025,5,246.0
MORRIS GARAGE,2025,5,136.0
CITROEN,2025,5,102.0
B M W,2025,5,184.0
NISSAN,2025,5,57.0
MERCEDES-BENZ PC,2025,5,88.0
GWM,2025,5,86.0
MERCEDES-BENZ CV,2025,5,54.0
DFSK,2025,5,73.0
NETA,2025,5,60.0
FAW,2025,5,57.0
FORD,2025,5,71.0
JETOUR,2025,5,20.0
SCANIA,2025,5,32.0
BAIC,2025,5,38.0
MINI,2025,5,48.0
SUBARU,2025,5,8.0
VOLKSWAGEN,2025,5,55.0
JAECOO,2025,5,
XPENG,2025,5,
SERES,2025,5,20.0
K I A,2025,5,
MAXUS,2025,5,4.0
VOLVO CAR,2025,5,11.0
AUDI,2025,5,2.0
POLYTRON,2025,5,
VINFAS,2025,5,
JEEP,2025,5,
PEUGEOT,2025,5,
TATA,2025,5,
TOYOTA,2025,6,17819.0
DAIHATSU,2025,6,9356.0
HONDA,2025,6,4179.0
MITSUBISHI MOTORS,2025,6,5053.0
SUZUKI,2025,6,4940.0
BYD,2025,6,2079.0
ISUZU,2025,6,1825.0
MITSUBISHI FUSO,2025,6,2256.0
HYUNDAI - HMID,2025,6,973.0
CHERY,2025,6,2271.0
HINO,2025,6,1535.0
WULING,2025,6,657.0
DENZA,2025,6,1768.0
AION,2025,6,860.0
MAZDA,2025,6,258.0
GEELY,2025,6,216.0
UD TRUCKS,2025,6,146.0
LEXUS,2025,6,218.0
MORRIS GARAGE,2025,6,145.0
CITROEN,2025,6,97.0
B M W,2025,6,90.0
NISSAN,2025,6,121.0
MERCEDES-BENZ PC,2025,6,106.0
GWM,2025,6,68.0
MERCEDES-BENZ CV,2025,6,121.0
DFSK,2025,6,46.0
NETA,2025,6,84.0
FAW,2025,6,63.0
FORD,2025,6,50.0
JETOUR,2025,6,88.0
SCANIA,2025,6,40.0
BAIC,2025,6,45.0
MINI,2025,6,25.0
SUBARU,2025,6,17.0
VOLKSWAGEN,2025,6,37.0
JAECOO,2025,6,120.0
XPENG,2025,6,
SERES,2025,6,15.0
K I A,2025,6,2.0
MAXUS,2025,6,1.0
VOLVO CAR,2025,6,8.0
AUDI,2025,6,1.0
POLYTRON,2025,6,
VINFAS,2025,6,
JEEP,2025,6,
PEUGEOT,2025,6,
TATA,2025,6,
TOYOTA,2025,7,18905.0
DAIHATSU,2025,7,10451.0
HONDA,2025,7,5235.0
MITSUBISHI MOTORS,2025,7,5011.0
SUZUKI,2025,7,6010.0
BYD,2025,7,2335.0
ISUZU,2025,7,2190.0
MITSUBISHI FUSO,2025,7,1871.0
HYUNDAI - HMID,2025,7,1239.0
CHERY,2025,7,1593.0
HINO,2025,7,1464.0
WULING,2025,7,1256.0
DENZA,2025,7,523.0
AION,2025,7,421.0
MAZDA,2025,7,271.0
GEELY,2025,7,249.0
UD TRUCKS,2025,7,125.0
LEXUS,2025,7,101.0
MORRIS GARAGE,2025,7,151.0
CITROEN,2025,7,123.0
B M W,2025,7,96.0
NISSAN,2025,7,129.0
MERCEDES-BENZ PC,2025,7,139.0
GWM,2025,7,29.0
MERCEDES-BENZ CV,2025,7,83.0
DFSK,2025,7,58.0
NETA,2025,7,39.0
FAW,2025,7,72.0
FORD,2025,7,51.0
JETOUR,2025,7,59.0
SCANIA,2025,7,41.0
BAIC,2025,7,54.0
MINI,2025,7,38.0
SUBARU,2025,7,29.0
VOLKSWAGEN,2025,7,17.0
JAECOO,2025,7,
XPENG,2025,7,75.0
SERES,2025,7,
K I A,2025,7,3.0
MAXUS,2025,7,6.0
VOLVO CAR,2025,7,10.0
AUDI,2025,7,
POLYTRON,2025,7,
VINFAS,2025,7,
JEEP,2025,7,
PEUGEOT,2025,7,
TATA,2025,7,
TOYOTA,2025,8,
DAIHATSU,2025,8,
HONDA,2025,8,
MITSUBISHI MOTORS,2025,8,
SUZUKI,2025,8,
BYD,2025,8,
ISUZU,2025,8,
MITSUBISHI FUSO,2025,8,
HYUNDAI - HMID,2025,8,
CHERY,2025,8,
HINO,2025,8,
WULING,2025,8,
DENZA,2025,8,
AION,2025,8,
MAZDA,2025,8,
GEELY,2025,8,
UD TRUCKS,2025,8,
LEXUS,2025,8,
MORRIS GARAGE,2025,8,
CITROEN,2025,8,
B M W,2025,8,
NISSAN,2025,8,
MERCEDES-BENZ PC,2025,8,
GWM,2025,8,
MERCEDES-BENZ CV,2025,8,
DFSK,2025,8,
NETA,2025,8,
FAW,2025,8,
FORD,2025,8,
JETOUR,2025,8,
SCANIA,2025,8,
BAIC,2025,8,
MINI,2025,8,
SUBARU,2025,8,
VOLKSWAGEN,2025,8,
JAECOO,2025,8,
XPENG,2025,8,
SERES,2025,8,
K I A,2025,8,
MAXUS,2025,8,
VOLVO CAR,2025,8,
AUDI,2025,8,
POLYTRON,2025,8,
VINFAS,2025,8,
JEEP,2025,8,
PEUGEOT,2025,8,
TATA,2025,8,
TOYOTA,2025,9,
DAIHATSU,2025,9,
HONDA,2025,9,
MITSUBISHI MOTORS,2025,9,
SUZUKI,2025,9,
BYD,2025,9,
ISUZU,2025,9,
MITSUBISHI FUSO,2025,9,
HYUNDAI - HMID,2025,9,
CHERY,2025,9,
HINO,2025,9,
WULING,2025,9,
DENZA,2025,9,
AION,2025,9,
MAZDA,2025,9,
GEELY,2025,9,
UD TRUCKS,2025,9,
LEXUS,2025,9,
MORRIS GARAGE,2025,9,
CITROEN,2025,9,
B M W,2025,9,
NISSAN,2025,9,
MERCEDES-BENZ PC,2025,9,
GWM,2025,9,
MERCEDES-BENZ CV,2025,9,
DFSK,2025,9,
NETA,2025,9,
FAW,2025,9,
FORD,2025,9,
JETOUR,2025,9,
SCANIA,2025,9,
BAIC,2025,9,
MINI,2025,9,
SUBARU,2025,9,
VOLKSWAGEN,2025,9,
JAECOO,2025,9,
XPENG,2025,9,
SERES,2025,9,
K I A,2025,9,
MAXUS,2025,9,
VOLVO CAR,2025,9,
AUDI,2025,9,
POLYTRON,2025,9,
VINFAS,2025,9,
JEEP,2025,9,
PEUGEOT,2025,9,
TATA,2025,9,
TOYOTA,2025,10,
DAIHATSU,2025,10,
HONDA,2025,10,
MITSUBISHI MOTORS,2025,10,
SUZUKI,2025,10,
BYD,2025,10,
ISUZU,2025,10,
MITSUBISHI FUSO,2025,10,
HYUNDAI - HMID,2025,10,
CHERY,2025,10,
HINO,2025,10,
WULING,2025,10,
DENZA,2025,10,
AION,2025,10,
MAZDA,2025,10,
GEELY,2025,10,
UD TRUCKS,2025,10,
LEXUS,2025,10,
MORRIS GARAGE,2025,10,
CITROEN,2025,10,
B M W,2025,10,
NISSAN,2025,10,
MERCEDES-BENZ PC,2025,10,
GWM,2025,10,
MERCEDES-BENZ CV,2025,10,
DFSK,2025,10,
NETA,2025,10,
FAW,2025,10,
FORD,2025,10,
JETOUR,2025,10,
SCANIA,2025,10,
BAIC,2025,10,
MINI,2025,10,
SUBARU,2025,10,
VOLKSWAGEN,2025,10,
JAECOO,2025,10,
XPENG,2025,10,
SERES,2025,10,
K I A,2025,10,
MAXUS,2025,10,
VOLVO CAR,2025,10,
AUDI,2025,10,
POLYTRON,2025,10,
VINFAS,2025,10,
JEEP,2025,10,
PEUGEOT,2025,10,
TATA,2025,10,
TOYOTA,2025,11,
DAIHATSU,2025,11,
HONDA,2025,11,
MITSUBISHI MOTORS,2025,11,
SUZUKI,2025,11,
BYD,2025,11,
ISUZU,2025,11,
MITSUBISHI FUSO,2025,11,
HYUNDAI - HMID,2025,11,
CHERY,2025,11,
HINO,2025,11,
WULING,2025,11,
DENZA,2025,11,
AION,2025,11,
MAZDA,2025,11,
GEELY,2025,11,
UD TRUCKS,2025,11,
LEXUS,2025,11,
MORRIS GARAGE,2025,11,
CITROEN,2025,11,
B M W,2025,11,
NISSAN,2025,11,
MERCEDES-BENZ PC,2025,11,
GWM,2025,11,
MERCEDES-BENZ CV,2025,11,
DFSK,2025,11,
NETA,2025,11,
FAW,2025,11,
FORD,2025,11,
JETOUR,2025,11,
SCANIA,2025,11,
BAIC,2025,11,
MINI,2025,11,
SUBARU,2025,11,
VOLKSWAGEN,2025,11,
JAECOO,2025,11,
XPENG,2025,11,
SERES,2025,11,
K I A,2025,11,
MAXUS,2025,11,
VOLVO CAR,2025,11,
AUDI,2025,11,
POLYTRON,2025,11,
VINFAS,2025,11,
JEEP,2025,11,
PEUGEOT,2025,11,
TATA,2025,11,
TOYOTA,2025,12,
DAIHATSU,2025,12,
HONDA,2025,12,
MITSUBISHI MOTORS,2025,12,
SUZUKI,2025,12,
BYD,2025,12,
ISUZU,2025,12,
MITSUBISHI FUSO,2025,12,
HYUNDAI - HMID,2025,12,
CHERY,2025,12,
HINO,2025,12,
WULING,2025,12,
DENZA,2025,12,
AION,2025,12,
MAZDA,2025,12,
GEELY,2025,12,
UD TRUCKS,2025,12,
LEXUS,2025,12,
MORRIS GARAGE,2025,12,
CITROEN,2025,12,
B M W,2025,12,
NISSAN,2025,12,
MERCEDES-BENZ PC,2025,12,
GWM,2025,12,
MERCEDES-BENZ CV,2025,12,
DFSK,2025,12,
NETA,2025,12,
FAW,2025,12,
FORD,2025,12,
JETOUR,2025,12,
SCANIA,2025,12,
BAIC,2025,12,
MINI,2025,12,
SUBARU,2025,12,
VOLKSWAGEN,2025,12,
JAECOO,2025,12,
XPENG,2025,12,
SERES,2025,12,
K I A,2025,12,
MAXUS,2025,12,
VOLVO CAR,2025,12,
AUDI,2025,12,
POLYTRON,2025,12,
VINFAS,2025,12,
JEEP,2025,12,
PEUGEOT,2025,12,
TATA,2025,12,
